CREATE DATABASE  IF NOT EXISTS `alquiler` /*!40100 DEFAULT CHARACTER SET utf8 */;
USE `alquiler`;
-- MySQL dump 10.13  Distrib 5.5.16, for Win32 (x86)
--
-- Host: localhost    Database: alquiler
-- ------------------------------------------------------
-- Server version	5.5.27

/*!40101 SET @OLD_CHARACTER_SET_CLIENT=@@CHARACTER_SET_CLIENT */;
/*!40101 SET @OLD_CHARACTER_SET_RESULTS=@@CHARACTER_SET_RESULTS */;
/*!40101 SET @OLD_COLLATION_CONNECTION=@@COLLATION_CONNECTION */;
/*!40101 SET NAMES utf8 */;
/*!40103 SET @OLD_TIME_ZONE=@@TIME_ZONE */;
/*!40103 SET TIME_ZONE='+00:00' */;
/*!40014 SET @OLD_UNIQUE_CHECKS=@@UNIQUE_CHECKS, UNIQUE_CHECKS=0 */;
/*!40014 SET @OLD_FOREIGN_KEY_CHECKS=@@FOREIGN_KEY_CHECKS, FOREIGN_KEY_CHECKS=0 */;
/*!40101 SET @OLD_SQL_MODE=@@SQL_MODE, SQL_MODE='NO_AUTO_VALUE_ON_ZERO' */;
/*!40111 SET @OLD_SQL_NOTES=@@SQL_NOTES, SQL_NOTES=0 */;

--
-- Table structure for table `servicio`
--

DROP TABLE IF EXISTS `servicio`;
/*!40101 SET @saved_cs_client     = @@character_set_client */;
/*!40101 SET character_set_client = utf8 */;
CREATE TABLE `servicio` (
  `idServicio` int(11) NOT NULL AUTO_INCREMENT,
  `descripcion` varchar(45) DEFAULT NULL,
  `costo` decimal(2,0) DEFAULT NULL,
  PRIMARY KEY (`idServicio`)
) ENGINE=InnoDB AUTO_INCREMENT=1093 DEFAULT CHARSET=utf8;
/*!40101 SET character_set_client = @saved_cs_client */;

--
-- Dumping data for table `servicio`
--

LOCK TABLES `servicio` WRITE;
/*!40000 ALTER TABLE `servicio` DISABLE KEYS */;
INSERT INTO `servicio` VALUES (1,'Alquiler',20),(2,'Alquiler',20),(3,'Alquiler',20),(4,'Alquiler',20),(5,'Alquiler',20),(7,'Alquiler',20),(9,'Alquiler',20),(11,'Alquiler',20),(13,'Alquiler',20),(14,'Alquiler',20),(15,'Alquiler',20),(16,'Alquiler',20),(17,'Alquiler',20),(19,'Alquiler',20),(21,'Alquiler',20),(23,'Alquiler',20),(25,'Alquiler',20),(26,'Alquiler',20),(27,'Alquiler',20),(28,'Alquiler',20),(29,'Alquiler',20),(31,'Alquiler',20),(33,'Alquiler',20),(35,'Alquiler',20),(37,'Alquiler',20),(38,'Alquiler',20),(39,'Alquiler',20),(40,'Alquiler',20),(41,'Alquiler',20),(43,'Alquiler',20),(45,'Alquiler',20),(47,'Alquiler',20),(49,'Alquiler',20),(51,'Alquiler',20),(53,'Alquiler',20),(55,'Alquiler',20),(57,'Alquiler',20),(59,'Alquiler',20),(61,'Alquiler',20),(63,'Alquiler',20),(65,'Alquiler',20),(67,'Alquiler',20),(69,'Alquiler',20),(71,'Alquiler',20),(73,'Alquiler',20),(75,'Alquiler',20),(77,'Alquiler',20),(79,'Alquiler',20),(81,'Alquiler',20),(83,'Alquiler',20),(85,'Alquiler',20),(87,'Alquiler',20),(89,'Alquiler',20),(91,'Alquiler',20),(93,'Alquiler',20),(95,'Alquiler',20),(97,'Alquiler',20),(99,'Alquiler',20),(101,'Alquiler',20),(103,'Alquiler',20),(105,'Alquiler',20),(106,'Alquiler',20),(107,'Alquiler',20),(108,'Alquiler',20),(110,'Alquiler',20),(112,'Alquiler',20),(114,'Alquiler',20),(116,'Alquiler',20),(118,'Alquiler',20),(120,'Alquiler',20),(122,'Alquiler',20),(124,'Alquiler',20),(125,'Alquiler',20),(126,'Alquiler',20),(127,'Alquiler',20),(129,'Alquiler',20),(131,'Alquiler',20),(133,'Alquiler',20),(135,'Alquiler',20),(137,'Alquiler',20),(139,'Alquiler',20),(141,'Alquiler',20),(143,'Alquiler',20),(145,'Alquiler',20),(147,'Alquiler',20),(149,'Alquiler',20),(151,'Alquiler',20),(153,'Alquiler',20),(155,'Alquiler',20),(157,'Alquiler',20),(159,'Alquiler',20),(161,'Alquiler',20),(163,'Alquiler',20),(165,'Alquiler',20),(167,'Alquiler',20),(169,'Alquiler',20),(171,'Alquiler',20),(172,'Alquiler',20),(173,'Alquiler',20),(174,'Alquiler',20),(176,'Alquiler',20),(178,'Alquiler',20),(180,'Alquiler',20),(182,'Alquiler',20),(184,'Alquiler',20),(186,'Alquiler',20),(188,'Alquiler',20),(190,'Alquiler',20),(192,'Alquiler',20),(194,'Alquiler',20),(196,'Alquiler',20),(197,'Alquiler',20),(198,'Alquiler',20),(199,'Alquiler',20),(201,'Alquiler',20),(203,'Alquiler',20),(205,'Alquiler',20),(207,'Alquiler',20),(209,'Alquiler',20),(211,'Alquiler',20),(213,'Alquiler',20),(215,'Alquiler',20),(217,'Alquiler',20),(219,'Alquiler',20),(221,'Alquiler',20),(223,'Alquiler',20),(225,'Alquiler',20),(227,'Alquiler',20),(229,'Alquiler',20),(231,'Alquiler',20),(233,'Alquiler',20),(235,'Alquiler',20),(237,'Alquiler',20),(239,'Alquiler',20),(241,'Alquiler',20),(243,'Alquiler',20),(245,'Alquiler',20),(247,'Alquiler',20),(249,'Alquiler',20),(251,'Alquiler',20),(253,'Alquiler',20),(255,'Alquiler',20),(257,'Alquiler',20),(259,'Alquiler',20),(261,'Alquiler',20),(263,'Alquiler',20),(265,'Alquiler',20),(267,'Alquiler',20),(269,'Alquiler',20),(271,'Alquiler',20),(273,'Alquiler',20),(275,'Alquiler',20),(277,'Alquiler',20),(279,'Alquiler',20),(281,'Alquiler',20),(283,'Alquiler',20),(285,'Alquiler',20),(287,'Alquiler',20),(289,'Alquiler',20),(291,'Alquiler',20),(293,'Alquiler',20),(295,'Alquiler',20),(297,'Alquiler',20),(299,'Alquiler',20),(301,'Alquiler',20),(303,'Alquiler',20),(305,'Alquiler',20),(307,'Alquiler',20),(309,'Alquiler',20),(311,'Alquiler',20),(313,'Alquiler',20),(315,'Alquiler',20),(317,'Alquiler',20),(319,'Alquiler',20),(321,'Alquiler',20),(323,'Alquiler',20),(325,'Alquiler',20),(327,'Alquiler',20),(329,'Alquiler',20),(331,'Alquiler',20),(333,'Alquiler',20),(335,'Alquiler',20),(337,'Alquiler',20),(339,'Alquiler',20),(341,'Alquiler',20),(343,'Alquiler',20),(345,'Alquiler',20),(347,'Alquiler',20),(349,'Alquiler',20),(351,'Alquiler',20),(353,'Alquiler',20),(355,'Alquiler',20),(357,'Alquiler',20),(359,'Alquiler',20),(361,'Alquiler',20),(363,'Alquiler',20),(365,'Alquiler',20),(367,'Alquiler',20),(369,'Alquiler',20),(371,'Alquiler',20),(373,'Alquiler',20),(375,'Alquiler',20),(377,'Alquiler',20),(379,'Alquiler',20),(381,'Alquiler',20),(383,'Alquiler',20),(385,'Alquiler',20),(387,'Alquiler',20),(389,'Alquiler',20),(391,'Alquiler',20),(393,'Alquiler',20),(395,'Alquiler',20),(397,'Alquiler',20),(399,'Alquiler',20),(401,'Alquiler',20),(403,'Alquiler',20),(405,'Alquiler',20),(407,'Alquiler',20),(409,'Alquiler',20),(411,'Alquiler',20),(413,'Alquiler',20),(415,'Alquiler',20),(417,'Alquiler',20),(419,'Alquiler',20),(421,'Alquiler',20),(423,'Alquiler',20),(425,'Alquiler',20),(427,'Alquiler',20),(429,'Alquiler',20),(431,'Alquiler',20),(433,'Alquiler',20),(435,'Alquiler',20),(437,'Alquiler',20),(439,'Alquiler',20),(441,'Alquiler',20),(443,'Alquiler',20),(445,'Alquiler',20),(447,'Alquiler',20),(449,'Alquiler',20),(451,'Alquiler',20),(453,'Alquiler',20),(455,'Alquiler',20),(457,'Alquiler',20),(459,'Alquiler',20),(461,'Alquiler',20),(463,'Alquiler',20),(465,'Alquiler',20),(467,'Alquiler',20),(469,'Alquiler',20),(471,'Alquiler',20),(473,'Alquiler',20),(475,'Alquiler',20),(477,'Alquiler',20),(479,'Alquiler',20),(481,'Alquiler',20),(483,'Alquiler',20),(485,'Alquiler',20),(487,'Alquiler',20),(489,'Alquiler',20),(491,'Alquiler',20),(493,'Alquiler',20),(495,'Alquiler',20),(497,'Alquiler',20),(499,'Alquiler',20),(501,'Alquiler',20),(503,'Alquiler',20),(505,'Alquiler',20),(507,'Alquiler',20),(509,'Alquiler',20),(511,'Alquiler',20),(513,'Alquiler',20),(515,'Alquiler',20),(517,'Alquiler',20),(519,'Alquiler',20),(521,'Alquiler',20),(523,'Alquiler',20),(525,'Alquiler',20),(527,'Alquiler',20),(529,'Alquiler',20),(531,'Alquiler',20),(533,'Alquiler',20),(535,'Alquiler',20),(537,'Alquiler',20),(539,'Alquiler',20),(541,'Alquiler',20),(543,'Alquiler',20),(545,'Alquiler',20),(547,'Alquiler',20),(549,'Alquiler',20),(551,'Alquiler',20),(553,'Alquiler',20),(555,'Alquiler',20),(557,'Alquiler',20),(559,'Alquiler',20),(561,'Alquiler',20),(563,'Alquiler',20),(565,'Alquiler',20),(567,'Alquiler',20),(569,'Alquiler',20),(571,'Alquiler',20),(573,'Alquiler',20),(575,'Alquiler',20),(577,'Alquiler',20),(579,'Alquiler',20),(581,'Alquiler',20),(583,'Alquiler',20),(585,'Alquiler',20),(587,'Alquiler',20),(589,'Alquiler',20),(591,'Alquiler',20),(593,'Alquiler',20),(595,'Alquiler',20),(597,'Alquiler',20),(599,'Alquiler',20),(601,'Alquiler',20),(603,'Alquiler',20),(605,'Alquiler',20),(607,'Alquiler',20),(609,'Alquiler',20),(611,'Alquiler',20),(613,'Alquiler',20),(615,'Alquiler',20),(617,'Alquiler',20),(619,'Alquiler',20),(621,'Alquiler',20),(623,'Alquiler',20),(625,'Alquiler',20),(627,'Alquiler',20),(629,'Alquiler',20),(631,'Alquiler',20),(633,'Alquiler',20),(635,'Alquiler',20),(637,'Alquiler',20),(639,'Alquiler',20),(641,'Alquiler',20),(643,'Alquiler',20),(645,'Alquiler',20),(647,'Alquiler',20),(649,'Alquiler',20),(651,'Alquiler',20),(653,'Alquiler',20),(655,'Alquiler',20),(657,'Alquiler',20),(659,'Alquiler',20),(661,'Alquiler',20),(663,'Alquiler',20),(665,'Alquiler',20),(667,'Alquiler',20),(669,'Alquiler',20),(671,'Alquiler',20),(673,'Alquiler',20),(675,'Alquiler',20),(677,'Alquiler',20),(679,'Alquiler',20),(681,'Alquiler',20),(683,'Alquiler',20),(685,'Alquiler',20),(687,'Alquiler',20),(689,'Alquiler',20),(691,'Alquiler',20),(693,'Alquiler',20),(695,'Alquiler',20),(697,'Alquiler',20),(699,'Alquiler',20),(701,'Alquiler',20),(703,'Alquiler',20),(705,'Alquiler',20),(707,'Alquiler',20),(709,'Alquiler',20),(711,'Alquiler',20),(713,'Alquiler',20),(715,'Alquiler',20),(717,'Alquiler',20),(719,'Alquiler',20),(721,'Alquiler',20),(723,'Alquiler',20),(725,'Alquiler',20),(727,'Alquiler',20),(729,'Alquiler',20),(731,'Alquiler',20),(733,'Alquiler',20),(735,'Alquiler',20),(737,'Alquiler',20),(739,'ALquiler',20),(740,'ALquiler',20),(741,'ALquiler',20),(742,'ALquiler',20),(743,'ALquiler',20),(744,'ALquiler',20),(745,'ALquiler',20),(746,'ALquiler',20),(748,'ALquiler',20),(750,'ALquiler',20),(752,'ALquiler',20),(754,'Alquiler',20),(756,'Alquiler',20),(758,'Alquiler',20),(760,'Alquiler',20),(762,'Alquiler',20),(764,'Alquiler',20),(766,'Alquiler',20),(768,'Alquiler',20),(770,'Alquiler',20),(772,'Alquiler',20),(774,'Alquiler',20),(776,'Alquiler',20),(778,'Alquiler',20),(780,'Alquiler',20),(781,'Alquiler',20),(783,'Alquiler',20),(785,'Alquiler',20),(787,'Alquiler',20),(789,'Alquiler',20),(791,'Alquiler',20),(793,'Alquiler',20),(795,'Alquiler',20),(797,'Alquiler',20),(799,'Alquiler',20),(801,'Alquiler',20),(803,'Alquiler',20),(805,'Alquiler',20),(807,'Alquiler',20),(809,'Alquiler',20),(811,'Alquiler',20),(813,'Alquiler',20),(815,'Alquiler',20),(817,'Alquiler',20),(819,'Alquiler',20),(821,'Alquiler',20),(823,'Alquiler',20),(825,'Alquiler',20),(827,'Alquiler',20),(829,'Alquiler',20),(831,'Alquiler',20),(833,'Alquiler',20),(835,'Alquiler',20),(837,'Alquiler',20),(839,'Alquiler',20),(841,'Alquiler',20),(843,'Alquiler',20),(845,'Alquiler',20),(847,'Alquiler',20),(849,'Alquiler',20),(851,'Alquiler',20),(853,'Alquiler',20),(855,'Alquiler',20),(857,'Alquiler',20),(859,'Alquiler',20),(861,'Alquiler',20),(863,'Alquiler',20),(865,'Alquiler',20),(867,'Alquiler',20),(869,'Alquiler',20),(871,'Alquiler',20),(873,'Alquiler',20),(875,'Alquiler',20),(877,'Alquiler',20),(879,'Alquiler',20),(881,'Alquiler',20),(883,'Alquiler',20),(885,'Alquiler',20),(887,'Alquiler',20),(889,'Alquiler',20),(891,'Alquiler',20),(893,'Alquiler',20),(895,'Alquiler',20),(897,'Alquiler',20),(899,'Alquiler',20),(901,'Alquiler',20),(903,'Alquiler',20),(905,'Alquiler',20),(907,'Alquiler',20),(909,'Alquiler',20),(911,'Alquiler',20),(913,'Alquiler',20),(915,'Alquiler',20),(917,'Alquiler',20),(919,'Alquiler',20),(921,'Alquiler',20),(923,'Alquiler',20),(925,'Alquiler',20),(927,'Alquiler',20),(929,'Alquiler',20),(931,'Alquiler',20),(933,'Alquiler',20),(935,'Alquiler',20),(937,'Alquiler',20),(939,'Alquiler',20),(941,'Alquiler',20),(943,'Alquiler',20),(945,'Alquiler',20),(947,'Alquiler',20),(949,'Alquiler',20),(951,'Alquiler',20),(953,'Alquiler',20),(955,'Alquiler',20),(957,'Alquiler',20),(959,'Alquiler',20),(961,'Alquiler',20),(963,'Alquiler',20),(965,'Alquiler',20),(967,'Alquiler',20),(969,'Alquiler',20),(971,'Alquiler',20),(973,'Alquiler',20),(975,'Alquiler',20),(977,'Alquiler',20),(979,'Alquiler',20),(981,'Alquiler',20),(983,'Alquiler',20),(985,'Alquiler',20),(987,'Alquiler',20),(989,'Alquiler',20),(991,'Alquiler',20),(993,'Alquiler',20),(995,'Alquiler',20),(997,'Alquiler',20),(999,'Alquiler',20),(1001,'Alquiler',20),(1003,'Alquiler',20),(1005,'Alquiler',20),(1007,'Alquiler',20),(1009,'Alquiler',20),(1011,'Alquiler',20),(1013,'Alquiler',20),(1015,'Alquiler',20),(1017,'Alquiler',20),(1019,'Alquiler',20),(1021,'Alquiler',20),(1023,'Alquiler',20),(1025,'Alquiler',20),(1027,'Alquiler',20),(1029,'Alquiler',20),(1031,'Alquiler',20),(1033,'Alquiler',20),(1035,'Alquiler',20),(1037,'Alquiler',20),(1039,'Alquiler',20),(1041,'Alquiler',20),(1043,'Alquiler',20),(1045,'Alquiler',20),(1047,'Alquiler',20),(1049,'Alquiler',20),(1051,'Alquiler',20),(1053,'Alquiler',20),(1055,'Alquiler',20),(1057,'Alquiler',20),(1059,'Alquiler',20),(1061,'Alquiler',20),(1063,'Alquiler',20),(1065,'Alquiler',20),(1067,'Alquiler',20),(1069,'Alquiler',20),(1071,'Alquiler',20),(1073,'Alquiler',20),(1075,'Alquiler',20),(1077,'Alquiler',20),(1079,'Alquiler',20),(1081,'Alquiler',20),(1083,'Alquiler',20),(1085,'Alquiler',20),(1087,'Alquiler',20),(1089,'Alquiler',20),(1091,'Alquiler',20);
/*!40000 ALTER TABLE `servicio` ENABLE KEYS */;
UNLOCK TABLES;

--
-- Table structure for table `usuarios`
--

DROP TABLE IF EXISTS `usuarios`;
/*!40101 SET @saved_cs_client     = @@character_set_client */;
/*!40101 SET character_set_client = utf8 */;
CREATE TABLE `usuarios` (
  `id` int(11) NOT NULL AUTO_INCREMENT,
  `nombre` varchar(45) DEFAULT NULL,
  `correo` varchar(45) DEFAULT NULL,
  `password` varchar(45) DEFAULT NULL,
  PRIMARY KEY (`id`)
) ENGINE=InnoDB AUTO_INCREMENT=2 DEFAULT CHARSET=utf8;
/*!40101 SET character_set_client = @saved_cs_client */;

--
-- Dumping data for table `usuarios`
--

LOCK TABLES `usuarios` WRITE;
/*!40000 ALTER TABLE `usuarios` DISABLE KEYS */;
INSERT INTO `usuarios` VALUES (1,'gian.corzo','gian.corzo@antartec.com','admin');
/*!40000 ALTER TABLE `usuarios` ENABLE KEYS */;
UNLOCK TABLES;

--
-- Table structure for table `usuario`
--

DROP TABLE IF EXISTS `usuario`;
/*!40101 SET @saved_cs_client     = @@character_set_client */;
/*!40101 SET character_set_client = utf8 */;
CREATE TABLE `usuario` (
  `idUsuario` int(11) NOT NULL AUTO_INCREMENT,
  `nombre` varchar(45) NOT NULL,
  `apepat` varchar(45) NOT NULL,
  `apemat` varchar(45) NOT NULL,
  `email` varchar(45) DEFAULT NULL,
  `fechanac` date NOT NULL,
  `clave` varchar(45) NOT NULL,
  `tipousuario` tinyint(1) DEFAULT NULL,
  PRIMARY KEY (`idUsuario`)
) ENGINE=InnoDB AUTO_INCREMENT=518 DEFAULT CHARSET=utf8;
/*!40101 SET character_set_client = @saved_cs_client */;

--
-- Dumping data for table `usuario`
--

LOCK TABLES `usuario` WRITE;
/*!40000 ALTER TABLE `usuario` DISABLE KEYS */;
INSERT INTO `usuario` VALUES (487,'Giancarlo','Corzo','Cabrejos','gian.corzo@antartec.com','2010-02-14','admin',1);
/*!40000 ALTER TABLE `usuario` ENABLE KEYS */;
UNLOCK TABLES;

--
-- Table structure for table `sala`
--

DROP TABLE IF EXISTS `sala`;
/*!40101 SET @saved_cs_client     = @@character_set_client */;
/*!40101 SET character_set_client = utf8 */;
CREATE TABLE `sala` (
  `idSala` int(11) NOT NULL AUTO_INCREMENT,
  `nombre` varchar(50) DEFAULT NULL,
  `direccion` varchar(45) DEFAULT NULL,
  `capacidad` int(11) DEFAULT NULL,
  `caracteristicas` varchar(45) DEFAULT NULL,
  `idLocal` int(11) NOT NULL,
  PRIMARY KEY (`idSala`),
  KEY `fk_Sala_Local1_idx` (`idLocal`),
  CONSTRAINT `fk_Sala_Local1` FOREIGN KEY (`idLocal`) REFERENCES `local` (`idLocal`) ON DELETE NO ACTION ON UPDATE NO ACTION
) ENGINE=InnoDB AUTO_INCREMENT=1308 DEFAULT CHARSET=utf8;
/*!40101 SET character_set_client = @saved_cs_client */;

--
-- Dumping data for table `sala`
--

LOCK TABLES `sala` WRITE;
/*!40000 ALTER TABLE `sala` DISABLE KEYS */;
INSERT INTO `sala` VALUES (1,'Premium','Miraflores',50,'Moderna',1),(2,'Premium','Miraflores',50,'Moderna',2),(3,'Premium','Miraflores',50,'Moderna',3),(4,'Premium','Miraflores',50,'Moderna',4),(5,'Premium','Miraflores',50,'Moderna',13),(7,'Premium','Miraflores',50,'Moderna',14),(9,'Premium','Miraflores',50,'Moderna',16),(11,'Premium','Miraflores',50,'Moderna',18),(13,'Premium','Miraflores',50,'Moderna',19),(14,'Premium','Miraflores',50,'Moderna',20),(15,'Premium','Miraflores',50,'Moderna',21),(16,'Premium','Miraflores',50,'Moderna',22),(17,'Premium','Miraflores',50,'Moderna',31),(19,'Premium','Miraflores',50,'Moderna',32),(21,'Premium','Miraflores',50,'Moderna',34),(23,'Premium','Miraflores',50,'Moderna',36),(25,'Premium','Miraflores',50,'Moderna',37),(26,'Premium','Miraflores',50,'Moderna',38),(27,'Premium','Miraflores',50,'Moderna',39),(28,'Premium','Miraflores',50,'Moderna',40),(29,'Premium','Miraflores',50,'Moderna',49),(31,'Premium','Miraflores',50,'Moderna',50),(33,'Premium','Miraflores',50,'Moderna',52),(35,'Premium','Miraflores',50,'Moderna',54),(37,'Premium','Miraflores',50,'Moderna',55),(38,'Premium','Miraflores',50,'Moderna',56),(39,'Premium','Miraflores',50,'Moderna',57),(40,'Premium','Miraflores',50,'Moderna',58),(41,'Premium','Miraflores',50,'Moderna',67),(43,'Premium','Miraflores',50,'Moderna',68),(45,'Premium','Miraflores',50,'Moderna',70),(47,'Premium','Miraflores',50,'Moderna',72),(49,'Premium','Miraflores',50,'Moderna',73),(51,'Premium','Miraflores',50,'Moderna',75),(53,'Premium','Miraflores',50,'Moderna',77),(55,'Premium','Miraflores',50,'Moderna',79),(57,'Premium','Miraflores',50,'Moderna',89),(59,'Premium','Miraflores',50,'Moderna',90),(61,'Premium','Miraflores',50,'Moderna',92),(63,'Premium','Miraflores',50,'Moderna',94),(65,'Premium','Miraflores',50,'Moderna',95),(67,'Premium','Miraflores',50,'Moderna',97),(69,'Premium','Miraflores',50,'Moderna',99),(71,'Premium','Miraflores',50,'Moderna',101),(73,'Premium','Miraflores',50,'Moderna',111),(75,'Premium','Miraflores',50,'Moderna',112),(77,'Premium','Miraflores',50,'Moderna',114),(79,'Premium','Miraflores',50,'Moderna',116),(81,'Premium','Miraflores',50,'Moderna',117),(83,'Premium','Miraflores',50,'Moderna',119),(85,'Premium','Miraflores',50,'Moderna',121),(87,'Premium','Miraflores',50,'Moderna',123),(89,'Premium','Miraflores',50,'Moderna',133),(91,'Premium','Miraflores',50,'Moderna',134),(93,'Premium','Miraflores',50,'Moderna',136),(95,'Premium','Miraflores',50,'Moderna',138),(97,'Premium','Miraflores',50,'Moderna',139),(99,'Premium','Miraflores',50,'Moderna',141),(101,'Premium','Miraflores',50,'Moderna',143),(103,'Premium','Miraflores',50,'Moderna',145),(105,'Premium','Miraflores',50,'Moderna',147),(106,'Premium','Miraflores',50,'Moderna',148),(107,'Premium','Miraflores',50,'Moderna',149),(108,'Premium','Miraflores',50,'Moderna',158),(110,'Premium','Miraflores',50,'Moderna',159),(112,'Premium','Miraflores',50,'Moderna',161),(114,'Premium','Miraflores',50,'Moderna',163),(116,'Premium','Miraflores',50,'Moderna',164),(118,'Premium','Miraflores',50,'Moderna',166),(120,'Premium','Miraflores',50,'Moderna',168),(122,'Premium','Miraflores',50,'Moderna',170),(124,'Premium','Miraflores',50,'Moderna',172),(125,'Premium','Miraflores',50,'Moderna',173),(126,'Premium','Miraflores',50,'Moderna',174),(127,'Premium','Miraflores',50,'Moderna',183),(129,'Premium','Miraflores',50,'Moderna',184),(131,'Premium','Miraflores',50,'Moderna',186),(133,'Premium','Miraflores',50,'Moderna',188),(135,'Premium','Miraflores',50,'Moderna',189),(137,'Premium','Miraflores',50,'Moderna',191),(139,'Premium','Miraflores',50,'Moderna',193),(141,'Premium','Miraflores',50,'Moderna',195),(143,'Premium','Miraflores',50,'Moderna',197),(145,'Premium','Miraflores',50,'Moderna',199),(147,'Premium','Miraflores',50,'Moderna',201),(149,'Premium','Miraflores',50,'Moderna',211),(151,'Premium','Miraflores',50,'Moderna',212),(153,'Premium','Miraflores',50,'Moderna',214),(155,'Premium','Miraflores',50,'Moderna',216),(157,'Premium','Miraflores',50,'Moderna',217),(159,'Premium','Miraflores',50,'Moderna',219),(161,'Premium','Miraflores',50,'Moderna',221),(163,'Premium','Miraflores',50,'Moderna',223),(165,'Premium','Miraflores',50,'Moderna',225),(167,'Premium','Miraflores',50,'Moderna',227),(169,'Premium','Miraflores',50,'Moderna',229),(171,'Premium','Miraflores',50,'Moderna',231),(172,'Premium','Miraflores',50,'Moderna',232),(173,'Premium','Miraflores',50,'Moderna',233),(174,'Premium','Miraflores',50,'Moderna',242),(176,'Premium','Miraflores',50,'Moderna',244),(178,'Premium','Miraflores',50,'Moderna',246),(180,'Premium','Miraflores',50,'Moderna',248),(182,'Premium','Miraflores',50,'Moderna',250),(184,'Premium','Miraflores',50,'Moderna',251),(186,'Premium','Miraflores',50,'Moderna',253),(188,'Premium','Miraflores',50,'Moderna',255),(190,'Premium','Miraflores',50,'Moderna',256),(192,'Premium','Miraflores',50,'Moderna',258),(194,'Premium','Miraflores',50,'Moderna',260),(196,'Premium','Miraflores',50,'Moderna',262),(198,'Premium','Miraflores',50,'Moderna',264),(200,'Premium','Miraflores',50,'Moderna',266),(202,'Premium','Miraflores',50,'Moderna',268),(204,'Premium','Miraflores',50,'Moderna',270),(205,'Premium','Miraflores',50,'Moderna',271),(206,'Premium','Miraflores',50,'Moderna',272),(207,'Premium','Miraflores',50,'Moderna',281),(209,'Premium','Miraflores',50,'Moderna',283),(211,'Premium','Miraflores',50,'Moderna',285),(213,'Premium','Miraflores',50,'Moderna',287),(215,'Premium','Miraflores',50,'Moderna',289),(217,'Premium','Miraflores',50,'Moderna',290),(219,'Premium','Miraflores',50,'Moderna',292),(221,'Premium','Miraflores',50,'Moderna',294),(223,'Premium','Miraflores',50,'Moderna',295),(225,'Premium','Miraflores',50,'Moderna',297),(227,'Premium','Miraflores',50,'Moderna',299),(229,'Premium','Miraflores',50,'Moderna',301),(231,'Premium','Miraflores',50,'Moderna',303),(233,'Premium','Miraflores',50,'Moderna',305),(235,'Premium','Miraflores',50,'Moderna',307),(237,'Premium','Miraflores',50,'Moderna',309),(239,'Premium','Miraflores',50,'Moderna',311),(241,'Premium','Miraflores',50,'Moderna',313),(243,'Premium','Miraflores',50,'Moderna',323),(245,'Premium','Miraflores',50,'Moderna',325),(247,'Premium','Miraflores',50,'Moderna',327),(249,'Premium','Miraflores',50,'Moderna',329),(251,'Premium','Miraflores',50,'Moderna',331),(253,'Premium','Miraflores',50,'Moderna',332),(255,'Premium','Miraflores',50,'Moderna',334),(257,'Premium','Miraflores',50,'Moderna',335),(259,'Premium','Miraflores',50,'Moderna',337),(261,'Premium','Miraflores',50,'Moderna',339),(263,'Premium','Miraflores',50,'Moderna',341),(265,'Premium','Miraflores',50,'Moderna',343),(267,'Premium','Miraflores',50,'Moderna',345),(269,'Premium','Miraflores',50,'Moderna',347),(271,'Premium','Miraflores',50,'Moderna',349),(273,'Premium','Miraflores',50,'Moderna',351),(275,'Premium','Miraflores',50,'Moderna',353),(277,'Premium','Miraflores',50,'Moderna',355),(279,'Premium','Miraflores',50,'Moderna',365),(281,'Premium','Miraflores',50,'Moderna',367),(283,'Premium','Miraflores',50,'Moderna',369),(285,'Premium','Miraflores',50,'Moderna',371),(287,'Premium','Miraflores',50,'Moderna',373),(289,'Premium','Miraflores',50,'Moderna',374),(291,'Premium','Miraflores',50,'Moderna',376),(293,'Premium','Miraflores',50,'Moderna',377),(295,'Premium','Miraflores',50,'Moderna',379),(297,'Premium','Miraflores',50,'Moderna',381),(299,'Premium','Miraflores',50,'Moderna',383),(301,'Premium','Miraflores',50,'Moderna',385),(303,'Premium','Miraflores',50,'Moderna',387),(305,'Premium','Miraflores',50,'Moderna',389),(307,'Premium','Miraflores',50,'Moderna',391),(309,'Premium','Miraflores',50,'Moderna',393),(311,'Premium','Miraflores',50,'Moderna',395),(313,'Premium','Miraflores',50,'Moderna',397),(315,'Premium','Miraflores',50,'Moderna',407),(317,'Premium','Miraflores',50,'Moderna',409),(319,'Premium','Miraflores',50,'Moderna',411),(321,'Premium','Miraflores',50,'Moderna',413),(323,'Premium','Miraflores',50,'Moderna',415),(325,'Premium','Miraflores',50,'Moderna',416),(327,'Premium','Miraflores',50,'Moderna',418),(329,'Premium','Miraflores',50,'Moderna',420),(331,'Premium','Miraflores',50,'Moderna',421),(333,'Premium','Miraflores',50,'Moderna',423),(335,'Premium','Miraflores',50,'Moderna',425),(337,'Premium','Miraflores',50,'Moderna',427),(339,'Premium','Miraflores',50,'Moderna',429),(341,'Premium','Miraflores',50,'Moderna',431),(343,'Premium','Miraflores',50,'Moderna',433),(345,'Premium','Miraflores',50,'Moderna',435),(347,'Premium','Miraflores',50,'Moderna',437),(349,'Premium','Miraflores',50,'Moderna',439),(351,'Premium','Miraflores',50,'Moderna',449),(353,'Premium','Miraflores',50,'Moderna',451),(355,'Premium','Miraflores',50,'Moderna',453),(357,'Premium','Miraflores',50,'Moderna',455),(359,'Premium','Miraflores',50,'Moderna',457),(361,'Premium','Miraflores',50,'Moderna',458),(363,'Premium','Miraflores',50,'Moderna',460),(365,'Premium','Miraflores',50,'Moderna',462),(367,'Premium','Miraflores',50,'Moderna',463),(369,'Premium','Miraflores',50,'Moderna',465),(371,'Premium','Miraflores',50,'Moderna',467),(373,'Premium','Miraflores',50,'Moderna',469),(375,'Premium','Miraflores',50,'Moderna',471),(377,'Premium','Miraflores',50,'Moderna',473),(379,'Premium','Miraflores',50,'Moderna',475),(381,'Premium','Miraflores',50,'Moderna',477),(383,'Premium','Miraflores',50,'Moderna',479),(385,'Premium','Miraflores',50,'Moderna',481),(387,'Premium','Miraflores',50,'Moderna',491),(389,'Premium','Miraflores',50,'Moderna',493),(391,'Premium','Miraflores',50,'Moderna',495),(393,'Premium','Miraflores',50,'Moderna',497),(395,'Premium','Miraflores',50,'Moderna',499),(397,'Premium','Miraflores',50,'Moderna',500),(399,'Premium','Miraflores',50,'Moderna',502),(401,'Premium','Miraflores',50,'Moderna',504),(403,'Premium','Miraflores',50,'Moderna',505),(405,'Premium','Miraflores',50,'Moderna',507),(407,'Premium','Miraflores',50,'Moderna',509),(409,'Premium','Miraflores',50,'Moderna',511),(411,'Premium','Miraflores',50,'Moderna',513),(413,'Premium','Miraflores',50,'Moderna',515),(415,'Premium','Miraflores',50,'Moderna',517),(417,'Premium','Miraflores',50,'Moderna',519),(419,'Premium','Miraflores',50,'Moderna',521),(421,'Premium','Miraflores',50,'Moderna',523),(423,'Premium','Miraflores',50,'Moderna',533),(425,'Premium','Miraflores',50,'Moderna',535),(427,'Premium','Miraflores',50,'Moderna',537),(429,'Premium','Miraflores',50,'Moderna',539),(431,'Premium','Miraflores',50,'Moderna',541),(433,'Premium','Miraflores',50,'Moderna',542),(435,'Premium','Miraflores',50,'Moderna',544),(437,'Premium','Miraflores',50,'Moderna',546),(439,'Premium','Miraflores',50,'Moderna',547),(441,'Premium','Miraflores',50,'Moderna',549),(443,'Premium','Miraflores',50,'Moderna',551),(445,'Premium','Miraflores',50,'Moderna',553),(447,'Premium','Miraflores',50,'Moderna',555),(449,'Premium','Miraflores',50,'Moderna',557),(451,'Premium','Miraflores',50,'Moderna',559),(453,'Premium','Miraflores',50,'Moderna',561),(455,'Premium','Miraflores',50,'Moderna',563),(457,'Premium','Miraflores',50,'Moderna',565),(459,'Premium','Miraflores',50,'Moderna',575),(461,'Premium','Miraflores',50,'Moderna',577),(463,'Premium','Miraflores',50,'Moderna',579),(465,'Premium','Miraflores',50,'Moderna',581),(467,'Premium','Miraflores',50,'Moderna',583),(469,'Premium','Miraflores',50,'Moderna',584),(471,'Premium','Miraflores',50,'Moderna',586),(473,'Premium','Miraflores',50,'Moderna',588),(475,'Premium','Miraflores',50,'Moderna',589),(477,'Premium','Miraflores',50,'Moderna',591),(479,'Premium','Miraflores',50,'Moderna',593),(481,'Premium','Miraflores',50,'Moderna',595),(483,'Premium','Miraflores',50,'Moderna',597),(485,'Premium','Miraflores',50,'Moderna',599),(487,'Premium','Miraflores',50,'Moderna',601),(489,'Premium','Miraflores',50,'Moderna',603),(491,'Premium','Miraflores',50,'Moderna',605),(493,'Premium','Miraflores',50,'Moderna',607),(495,'Premium','Miraflores',50,'Moderna',617),(497,'Premium','Miraflores',50,'Moderna',619),(499,'Premium','Miraflores',50,'Moderna',621),(501,'Premium','Miraflores',50,'Moderna',623),(503,'Premium','Miraflores',50,'Moderna',625),(505,'Premium','Miraflores',50,'Moderna',626),(507,'Premium','Miraflores',50,'Moderna',628),(509,'Premium','Miraflores',50,'Moderna',630),(511,'Premium','Miraflores',50,'Moderna',631),(513,'Premium','Miraflores',50,'Moderna',632),(515,'Premium','Miraflores',50,'Moderna',633),(517,'Premium','Miraflores',50,'Moderna',635),(519,'Premium','Miraflores',50,'Moderna',637),(521,'Premium','Miraflores',50,'Moderna',639),(523,'Premium','Miraflores',50,'Moderna',641),(525,'Premium','Miraflores',50,'Moderna',643),(527,'Premium','Miraflores',50,'Moderna',653),(529,'Premium','Miraflores',50,'Moderna',655),(531,'Premium','Miraflores',50,'Moderna',657),(533,'Premium','Miraflores',50,'Moderna',659),(535,'Premium','Miraflores',50,'Moderna',661),(537,'Premium','Miraflores',50,'Moderna',663),(539,'Premium','Miraflores',50,'Moderna',665),(541,'Premium','Miraflores',50,'Moderna',667),(543,'Premium','Miraflores',50,'Moderna',669),(545,'Premium','Miraflores',50,'Moderna',671),(547,'Premium','Miraflores',50,'Moderna',681),(549,'Premium','Miraflores',50,'Moderna',683),(551,'Premium','Miraflores',50,'Moderna',685),(553,'Premium','Miraflores',50,'Moderna',687),(555,'Premium','Miraflores',50,'Moderna',689),(557,'Premium','Miraflores',50,'Moderna',690),(559,'Premium','Miraflores',50,'Moderna',692),(561,'Premium','Miraflores',50,'Moderna',694),(563,'Premium','Miraflores',50,'Moderna',695),(565,'Premium','Miraflores',50,'Moderna',697),(567,'Premium','Miraflores',50,'Moderna',699),(569,'Premium','Miraflores',50,'Moderna',701),(571,'Premium','Miraflores',50,'Moderna',703),(573,'Premium','Miraflores',50,'Moderna',705),(575,'Premium','Miraflores',50,'Moderna',707),(577,'Premium','Miraflores',50,'Moderna',709),(579,'Premium','Miraflores',50,'Moderna',711),(581,'Premium','Miraflores',50,'Moderna',713),(583,'Premium','Miraflores',50,'Moderna',723),(585,'Premium','Miraflores',50,'Moderna',725),(587,'Premium','Miraflores',50,'Moderna',727),(589,'Premium','Miraflores',50,'Moderna',729),(591,'Premium','Miraflores',50,'Moderna',731),(593,'Premium','Miraflores',50,'Moderna',732),(595,'Premium','Miraflores',50,'Moderna',734),(597,'Premium','Miraflores',50,'Moderna',736),(599,'Premium','Miraflores',50,'Moderna',737),(601,'Premium','Miraflores',50,'Moderna',739),(603,'Premium','Miraflores',50,'Moderna',741),(605,'Premium','Miraflores',50,'Moderna',743),(607,'Premium','Miraflores',50,'Moderna',745),(609,'Premium','Miraflores',50,'Moderna',747),(611,'Premium','Miraflores',50,'Moderna',749),(613,'Premium','Miraflores',50,'Moderna',751),(615,'Premium','Miraflores',50,'Moderna',753),(617,'Premium','Miraflores',50,'Moderna',755),(619,'Premium','Miraflores',50,'Moderna',765),(621,'Premium','Miraflores',50,'Moderna',767),(623,'Premium','Miraflores',50,'Moderna',769),(625,'Premium','Miraflores',50,'Moderna',771),(627,'Premium','Miraflores',50,'Moderna',773),(629,'Premium','Miraflores',50,'Moderna',774),(631,'Premium','Miraflores',50,'Moderna',776),(633,'Premium','Miraflores',50,'Moderna',778),(635,'Premium','Miraflores',50,'Moderna',779),(637,'Premium','Miraflores',50,'Moderna',781),(639,'Premium','Miraflores',50,'Moderna',783),(641,'Premium','Miraflores',50,'Moderna',785),(643,'Premium','Miraflores',50,'Moderna',787),(645,'Premium','Miraflores',50,'Moderna',789),(647,'Premium','Miraflores',50,'Moderna',791),(649,'Premium','Miraflores',50,'Moderna',793),(651,'Premium','Miraflores',50,'Moderna',795),(653,'Premium','Miraflores',50,'Moderna',797),(655,'Premium','Miraflores',50,'Moderna',807),(657,'Premium','Miraflores',50,'Moderna',809),(659,'Premium','Miraflores',50,'Moderna',811),(661,'Premium','Miraflores',50,'Moderna',813),(663,'Premium','Miraflores',50,'Moderna',815),(665,'Premium','Miraflores',50,'Moderna',816),(667,'Premium','Miraflores',50,'Moderna',818),(669,'Premium','Miraflores',50,'Moderna',820),(671,'Premium','Miraflores',50,'Moderna',821),(673,'Premium','Miraflores',50,'Moderna',823),(675,'Premium','Miraflores',50,'Moderna',825),(677,'Premium','Miraflores',50,'Moderna',827),(679,'Premium','Miraflores',50,'Moderna',829),(681,'Premium','Miraflores',50,'Moderna',831),(683,'Premium','Miraflores',50,'Moderna',833),(685,'Premium','Miraflores',50,'Moderna',835),(687,'Premium','Miraflores',50,'Moderna',837),(689,'Premium','Miraflores',50,'Moderna',839),(691,'Premium','Miraflores',50,'Moderna',849),(693,'Premium','Miraflores',50,'Moderna',851),(695,'Premium','Miraflores',50,'Moderna',853),(697,'Premium','Miraflores',50,'Moderna',855),(699,'Premium','Miraflores',50,'Moderna',857),(701,'Premium','Miraflores',50,'Moderna',858),(703,'Premium','Miraflores',50,'Moderna',860),(705,'Premium','Miraflores',50,'Moderna',862),(707,'Premium','Miraflores',50,'Moderna',863),(709,'Premium','Miraflores',50,'Moderna',865),(711,'Premium','Miraflores',50,'Moderna',867),(713,'Premium','Miraflores',50,'Moderna',869),(715,'Premium','Miraflores',50,'Moderna',871),(717,'Premium','Miraflores',50,'Moderna',873),(719,'Premium','Miraflores',50,'Moderna',875),(721,'Premium','Miraflores',50,'Moderna',877),(723,'Premium','Miraflores',50,'Moderna',879),(725,'Premium','Miraflores',50,'Moderna',881),(727,'Premium','Miraflores',50,'Moderna',891),(729,'Premium','Miraflores',50,'Moderna',893),(731,'Premium','Miraflores',50,'Moderna',895),(733,'Premium','Miraflores',50,'Moderna',897),(735,'Premium','Miraflores',50,'Moderna',899),(737,'Premium','Miraflores',50,'Moderna',900),(739,'Premium','Miraflores',50,'Moderna',902),(741,'Premium','Miraflores',50,'Moderna',904),(743,'Premium','Miraflores',50,'Moderna',905),(745,'Premium','Miraflores',50,'Moderna',907),(747,'Premium','Miraflores',50,'Moderna',909),(749,'Premium','Miraflores',50,'Moderna',911),(751,'Premium','Miraflores',50,'Moderna',913),(753,'Premium','Miraflores',50,'Moderna',915),(755,'Premium','Miraflores',50,'Moderna',917),(757,'Premium','Miraflores',50,'Moderna',927),(759,'Premium','Miraflores',50,'Moderna',929),(761,'Premium','Miraflores',50,'Moderna',931),(763,'Premium','Miraflores',50,'Moderna',933),(765,'Premium','Miraflores',50,'Moderna',935),(767,'Premium','Miraflores',50,'Moderna',936),(769,'Premium','Miraflores',50,'Moderna',938),(771,'Premium','Miraflores',50,'Moderna',940),(773,'Premium','Miraflores',50,'Moderna',941),(775,'Premium','Miraflores',50,'Moderna',943),(777,'Premium','Miraflores',50,'Moderna',945),(779,'Premium','Miraflores',50,'Moderna',947),(781,'Premium','Miraflores',50,'Moderna',949),(783,'Premium','Miraflores',50,'Moderna',951),(785,'Premium','Miraflores',50,'Moderna',953),(787,'Premium','Miraflores',50,'Moderna',963),(789,'Premium','Miraflores',50,'Moderna',964),(791,'Premium','Miraflores',50,'Moderna',966),(793,'Premium','Miraflores',50,'Moderna',968),(795,'Premium','Miraflores',50,'Moderna',969),(797,'Premium','Miraflores',50,'Moderna',971),(799,'Premium','Miraflores',50,'Moderna',973),(801,'Premium','Miraflores',50,'Moderna',975),(803,'Premium','Miraflores',50,'Moderna',977),(805,'Premium','Miraflores',50,'Moderna',979),(807,'Premium','Miraflores',50,'Moderna',981),(809,'Premium','Miraflores',50,'Moderna',991),(811,'Premium','Miraflores',50,'Moderna',992),(813,'Premium','Miraflores',50,'Moderna',994),(815,'Premium','Miraflores',50,'Moderna',996),(817,'Premium','Miraflores',50,'Moderna',997),(819,'Premium','Miraflores',50,'Moderna',999),(821,'Premium','Miraflores',50,'Moderna',1001),(823,'Premium','Miraflores',50,'Moderna',1003),(825,'Premium','Miraflores',50,'Moderna',1005),(827,'Premium','Miraflores',50,'Moderna',1007),(829,'Premium','Miraflores',50,'Moderna',1009),(831,'Premium','Miraflores',50,'Moderna',1019),(833,'Premium','Miraflores',50,'Moderna',1020),(835,'Premium','Miraflores',50,'Moderna',1022),(837,'Premium','Miraflores',50,'Moderna',1024),(839,'Premium','Miraflores',50,'Moderna',1025),(841,'Premium','Miraflores',50,'Moderna',1027),(843,'Premium','Miraflores',50,'Moderna',1029),(845,'Premium','Miraflores',50,'Moderna',1031),(847,'Premium','Miraflores',50,'Moderna',1033),(849,'Premium','Miraflores',50,'Moderna',1035),(851,'Premium','Miraflores',50,'Moderna',1037),(853,'Premium','Miraflores',50,'Moderna',1047),(855,'Premium','Miraflores',50,'Moderna',1048),(857,'Premium','Miraflores',50,'Moderna',1050),(859,'Premium','Miraflores',50,'Moderna',1051),(861,'Premium','Miraflores',50,'Moderna',1053),(863,'Premium','Miraflores',50,'Moderna',1055),(865,'Premium','Miraflores',50,'Moderna',1057),(867,'Premium','Miraflores',50,'Moderna',1059),(869,'Premium','Miraflores',50,'Moderna',1061),(871,'Premium','Miraflores',50,'Moderna',1063),(873,'Premium','Miraflores',50,'Moderna',1065),(875,'Premium','Miraflores',50,'Moderna',1075),(877,'Premium','Miraflores',50,'Moderna',1076),(879,'Premium','Miraflores',50,'Moderna',1078),(881,'Premium','Miraflores',50,'Moderna',1080),(883,'Premium','Miraflores',50,'Moderna',1081),(884,'Premium','Miraflores',50,'Moderna',1082),(885,'Premium','Miraflores',50,'Moderna',1083),(886,'Premium','Miraflores',50,'Moderna',1084),(887,'Premium','Miraflores',50,'Moderna',1085),(888,'Premium','Miraflores',50,'Moderna',1086),(889,'Premium','Miraflores',50,'Moderna',1087),(890,'Premium','Miraflores',50,'Moderna',1088),(891,'Premium','Miraflores',50,'Moderna',1089),(892,'Premium','Miraflores',50,'Moderna',1090),(893,'Premium','Miraflores',50,'Moderna',1099),(894,'Premium','Miraflores',50,'Moderna',1100),(895,'Premium','Miraflores',50,'Moderna',1101),(896,'Premium','Miraflores',50,'Moderna',1102),(897,'Premium','Miraflores',50,'Moderna',1103),(899,'Premium','Miraflores',50,'Moderna',1104),(901,'Premium','Miraflores',50,'Moderna',1106),(903,'Premium','Miraflores',50,'Moderna',1108),(905,'Premium','Miraflores',50,'Moderna',1109),(907,'Premium','Miraflores',50,'Moderna',1111),(909,'Premium','Miraflores',50,'Moderna',1113),(911,'Premium','Miraflores',50,'Moderna',1123),(913,'Premium','Miraflores',50,'Moderna',1124),(915,'Premium','Miraflores',50,'Moderna',1126),(917,'Premium','Miraflores',50,'Moderna',1128),(919,'Premium','Miraflores',50,'Moderna',1129),(921,'Premium','Miraflores',50,'Moderna',1131),(923,'Premium','Miraflores',50,'Moderna',1133),(925,'Premium','Miraflores',50,'Moderna',1143),(927,'Premium','Miraflores',50,'Moderna',1144),(929,'Premium','Miraflores',50,'Moderna',1146),(931,'Premium','Miraflores',50,'Moderna',1148),(932,'Premium','Miraflores',50,'Moderna',1149),(934,'Premium','Miraflores',50,'Moderna',1151),(936,'Premium','Miraflores',50,'Moderna',1153),(938,'Premium','Miraflores',50,'Moderna',1155),(940,'Premium','Miraflores',50,'Moderna',1157),(942,'Premium','Miraflores',50,'Moderna',1159),(944,'Premium','Miraflores',50,'Moderna',1161),(946,'Premium','Miraflores',50,'Moderna',1171),(948,'Premium','Miraflores',50,'Moderna',1172),(950,'Premium','Miraflores',50,'Moderna',1174),(952,'Premium','Miraflores',50,'Moderna',1176),(954,'Premium','Miraflores',50,'Moderna',1177),(956,'Premium','Miraflores',50,'Moderna',1178),(958,'Premium','Miraflores',50,'Moderna',1179),(960,'Premium','Miraflores',50,'Moderna',1181),(962,'Premium','Miraflores',50,'Moderna',1191),(964,'Premium','Miraflores',50,'Moderna',1193),(966,'Premium','Miraflores',50,'Moderna',1195),(968,'Premium','Miraflores',50,'Moderna',1197),(970,'Premium','Miraflores',50,'Moderna',1199),(972,'Premium','Miraflores',50,'Moderna',1201),(974,'Premium','Miraflores',50,'Moderna',1203),(976,'Premium','Miraflores',50,'Moderna',1205),(978,'Premium','Miraflores',50,'Moderna',1207),(980,'Premium','Miraflores',50,'Moderna',1209),(982,'Premium','Miraflores',50,'Moderna',1211),(984,'Premium','Miraflores',50,'Moderna',1213),(986,'Premium','Miraflores',50,'Moderna',1215),(988,'Premium','Miraflores',50,'Moderna',1217),(990,'Premium','Miraflores',50,'Moderna',1227),(992,'Premium','Miraflores',50,'Moderna',1228),(994,'Premium','Miraflores',50,'Moderna',1230),(996,'Premium','Miraflores',50,'Moderna',1232),(998,'Premium','Miraflores',50,'Moderna',1233),(1000,'Premium','Miraflores',50,'Moderna',1235),(1002,'Premium','Miraflores',50,'Moderna',1237),(1004,'Premium','Miraflores',50,'Moderna',1239),(1006,'Premium','Miraflores',50,'Moderna',1241),(1008,'Premium','Miraflores',50,'Moderna',1243),(1010,'Premium','Miraflores',50,'Moderna',1245),(1012,'Premium','Miraflores',50,'Moderna',1247),(1014,'Premium','Miraflores',50,'Moderna',1249),(1016,'Premium','Miraflores',50,'Moderna',1251),(1018,'Premium','Miraflores',50,'Moderna',1261),(1020,'Premium','Miraflores',50,'Moderna',1263),(1022,'Premium','Miraflores',50,'Moderna',1265),(1024,'Premium','Miraflores',50,'Moderna',1267),(1026,'Premium','Miraflores',50,'Moderna',1269),(1028,'Premium','Miraflores',50,'Moderna',1270),(1030,'Premium','Miraflores',50,'Moderna',1272),(1032,'Premium','Miraflores',50,'Moderna',1274),(1034,'Premium','Miraflores',50,'Moderna',1275),(1036,'Premium','Miraflores',50,'Moderna',1277),(1038,'Premium','Miraflores',50,'Moderna',1279),(1040,'Premium','Miraflores',50,'Moderna',1281),(1042,'Premium','Miraflores',50,'Moderna',1283),(1044,'Premium','Miraflores',50,'Moderna',1285),(1046,'Premium','Miraflores',50,'Moderna',1287),(1048,'Premium','Miraflores',50,'Moderna',1297),(1050,'Premium','Miraflores',50,'Moderna',1298),(1052,'Premium','Miraflores',50,'Moderna',1300),(1054,'Premium','Miraflores',50,'Moderna',1302),(1056,'Premium','Miraflores',50,'Moderna',1303),(1058,'Premium','Miraflores',50,'Moderna',1305),(1060,'Premium','Miraflores',50,'Moderna',1307),(1062,'Premium','Miraflores',50,'Moderna',1309),(1064,'Premium','Miraflores',50,'Moderna',1311),(1066,'Premium','Miraflores',50,'Moderna',1313),(1068,'Premium','Miraflores',50,'Moderna',1315),(1070,'Premium','Miraflores',50,'Moderna',1325),(1072,'Premium','Miraflores',50,'Moderna',1326),(1074,'Premium','Miraflores',50,'Moderna',1328),(1076,'Premium','Miraflores',50,'Moderna',1330),(1078,'Premium','Miraflores',50,'Moderna',1331),(1080,'Premium','Miraflores',50,'Moderna',1333),(1082,'Premium','Miraflores',50,'Moderna',1335),(1084,'Premium','Miraflores',50,'Moderna',1337),(1086,'Premium','Miraflores',50,'Moderna',1339),(1088,'Premium','Miraflores',50,'Moderna',1341),(1090,'Premium','Miraflores',50,'Moderna',1343),(1092,'Premium','Miraflores',50,'Moderna',1345),(1094,'Premium','Miraflores',50,'Moderna',1347),(1096,'Premium','Miraflores',50,'Moderna',1349),(1098,'Premium','Miraflores',50,'Moderna',1359),(1100,'Premium','Miraflores',50,'Moderna',1361),(1102,'Premium','Miraflores',50,'Moderna',1363),(1104,'Premium','Miraflores',50,'Moderna',1365),(1106,'Premium','Miraflores',50,'Moderna',1367),(1108,'Premium','Miraflores',50,'Moderna',1368),(1110,'Premium','Miraflores',50,'Moderna',1370),(1112,'Premium','Miraflores',50,'Moderna',1372),(1114,'Premium','Miraflores',50,'Moderna',1373),(1116,'Premium','Miraflores',50,'Moderna',1375),(1118,'Premium','Miraflores',50,'Moderna',1377),(1120,'Premium','Miraflores',50,'Moderna',1379),(1122,'Premium','Miraflores',50,'Moderna',1381),(1124,'Premium','Miraflores',50,'Moderna',1383),(1126,'Premium','Miraflores',50,'Moderna',1385),(1128,'Premium','Miraflores',50,'Moderna',1387),(1130,'Premium','Miraflores',50,'Moderna',1389),(1132,'Premium','Miraflores',50,'Moderna',1391),(1134,'Premium','Miraflores',50,'Moderna',1401),(1136,'Premium','Miraflores',50,'Moderna',1403),(1138,'Premium','Miraflores',50,'Moderna',1405),(1140,'Premium','Miraflores',50,'Moderna',1407),(1142,'Premium','Miraflores',50,'Moderna',1409),(1144,'Premium','Miraflores',50,'Moderna',1410),(1146,'Premium','Miraflores',50,'Moderna',1412),(1148,'Premium','Miraflores',50,'Moderna',1414),(1150,'Premium','Miraflores',50,'Moderna',1415),(1152,'Premium','Miraflores',50,'Moderna',1417),(1154,'Premium','Miraflores',50,'Moderna',1419),(1156,'Premium','Miraflores',50,'Moderna',1421),(1158,'Premium','Miraflores',50,'Moderna',1423),(1160,'Premium','Miraflores',50,'Moderna',1425),(1162,'Premium','Miraflores',50,'Moderna',1427),(1164,'Premium','Miraflores',50,'Moderna',1429),(1166,'Premium','Miraflores',50,'Moderna',1431),(1168,'Premium','Miraflores',50,'Moderna',1433),(1170,'Premium','Miraflores',50,'Moderna',1443),(1172,'Premium','Miraflores',50,'Moderna',1445),(1174,'Premium','Miraflores',50,'Moderna',1447),(1176,'Premium','Miraflores',50,'Moderna',1449),(1178,'Premium','Miraflores',50,'Moderna',1451),(1180,'Premium','Miraflores',50,'Moderna',1452),(1182,'Premium','Miraflores',50,'Moderna',1454),(1184,'Premium','Miraflores',50,'Moderna',1456),(1186,'Premium','Miraflores',50,'Moderna',1457),(1188,'Premium','Miraflores',50,'Moderna',1459),(1190,'Premium','Miraflores',50,'Moderna',1461),(1192,'Premium','Miraflores',50,'Moderna',1463),(1194,'Premium','Miraflores',50,'Moderna',1465),(1196,'Premium','Miraflores',50,'Moderna',1467),(1198,'Premium','Miraflores',50,'Moderna',1469),(1200,'Premium','Miraflores',50,'Moderna',1471),(1202,'Premium','Miraflores',50,'Moderna',1473),(1204,'Premium','Miraflores',50,'Moderna',1475),(1206,'Premium','Miraflores',50,'Moderna',1485),(1208,'Premium','Miraflores',50,'Moderna',1487),(1210,'Premium','Miraflores',50,'Moderna',1489),(1212,'Premium','Miraflores',50,'Moderna',1491),(1214,'Premium','Miraflores',50,'Moderna',1493),(1216,'Premium','Miraflores',50,'Moderna',1494),(1218,'Premium','Miraflores',50,'Moderna',1496),(1220,'Premium','Miraflores',50,'Moderna',1498),(1222,'Premium','Miraflores',50,'Moderna',1499),(1224,'Premium','Miraflores',50,'Moderna',1501),(1226,'Premium','Miraflores',50,'Moderna',1503),(1228,'Premium','Miraflores',50,'Moderna',1505),(1230,'Premium','Miraflores',50,'Moderna',1507),(1232,'Premium','Miraflores',50,'Moderna',1509),(1234,'Premium','Miraflores',50,'Moderna',1511),(1236,'Premium','Miraflores',50,'Moderna',1513),(1238,'Premium','Miraflores',50,'Moderna',1515),(1240,'Premium','Miraflores',50,'Moderna',1517),(1242,'Premium','Miraflores',50,'Moderna',1519),(1244,'Premium','Miraflores',50,'Moderna',1521),(1246,'Premium','Miraflores',50,'Moderna',1523),(1248,'Premium','Miraflores',50,'Moderna',1525),(1250,'Premium','Miraflores',50,'Moderna',1527),(1252,'Premium','Miraflores',50,'Moderna',1529),(1254,'Premium','Miraflores',50,'Moderna',1531),(1256,'Premium','Miraflores',50,'Moderna',1541),(1258,'Premium','Miraflores',50,'Moderna',1543),(1260,'Premium','Miraflores',50,'Moderna',1545),(1262,'Premium','Miraflores',50,'Moderna',1547),(1264,'Premium','Miraflores',50,'Moderna',1549),(1266,'Premium','Miraflores',50,'Moderna',1550),(1268,'Premium','Miraflores',50,'Moderna',1551),(1270,'Premium','Miraflores',50,'Moderna',1553),(1272,'Premium','Miraflores',50,'Moderna',1555),(1274,'Premium','Miraflores',50,'Moderna',1557),(1276,'Premium','Miraflores',50,'Moderna',1559),(1278,'Premium','Miraflores',50,'Moderna',1561),(1280,'Premium','Miraflores',50,'Moderna',1563),(1282,'Premium','Miraflores',50,'Moderna',1565),(1284,'Premium','Miraflores',50,'Moderna',1567),(1286,'Premium','Miraflores',50,'Moderna',1569),(1288,'Premium','Miraflores',50,'Moderna',1571),(1290,'Premium','Miraflores',50,'Moderna',1573),(1292,'Premium','Miraflores',50,'Moderna',1583),(1294,'Premium','Miraflores',50,'Moderna',1585),(1296,'Premium','Miraflores',50,'Moderna',1587),(1298,'Premium','Miraflores',50,'Moderna',1589),(1300,'Premium','Miraflores',50,'Moderna',1591),(1302,'Premium','Miraflores',50,'Moderna',1592),(1304,'Premium','Miraflores',50,'Moderna',1594),(1306,'Premium','Miraflores',50,'Moderna',1596);
/*!40000 ALTER TABLE `sala` ENABLE KEYS */;
UNLOCK TABLES;

--
-- Table structure for table `detalleinstrumento`
--

DROP TABLE IF EXISTS `detalleinstrumento`;
/*!40101 SET @saved_cs_client     = @@character_set_client */;
/*!40101 SET character_set_client = utf8 */;
CREATE TABLE `detalleinstrumento` (
  `idDetalleArmado` int(11) NOT NULL AUTO_INCREMENT,
  `Idinstrumento` int(11) NOT NULL,
  `idArmadoSala` int(11) NOT NULL,
  PRIMARY KEY (`idDetalleArmado`),
  KEY `fk_DetalleArmado_instrumento_idx` (`Idinstrumento`),
  KEY `fk_DetalleArmado_ArmadoSala1_idx` (`idArmadoSala`),
  CONSTRAINT `fk_DetalleArmado_ArmadoSala1` FOREIGN KEY (`idArmadoSala`) REFERENCES `armadosala` (`idArmadoSala`) ON DELETE NO ACTION ON UPDATE NO ACTION,
  CONSTRAINT `fk_DetalleArmado_instrumento` FOREIGN KEY (`Idinstrumento`) REFERENCES `instrumento` (`Idinstrumento`) ON DELETE NO ACTION ON UPDATE NO ACTION
) ENGINE=InnoDB AUTO_INCREMENT=222 DEFAULT CHARSET=utf8;
/*!40101 SET character_set_client = @saved_cs_client */;

--
-- Dumping data for table `detalleinstrumento`
--

LOCK TABLES `detalleinstrumento` WRITE;
/*!40000 ALTER TABLE `detalleinstrumento` DISABLE KEYS */;
INSERT INTO `detalleinstrumento` VALUES (1,29,55),(3,31,57),(5,33,59),(7,46,69),(9,48,71),(11,50,73),(13,63,83),(15,65,85),(17,67,87),(19,80,97),(21,82,99),(23,84,101),(25,100,111),(27,102,113),(29,104,115),(31,120,125),(33,122,127),(35,124,129),(37,140,139),(39,142,141),(41,144,143),(43,160,153),(45,162,155),(47,164,157),(49,180,167),(51,182,169),(53,184,171),(55,200,181),(57,202,183),(59,204,185),(61,220,195),(63,222,197),(65,224,199),(67,240,209),(69,242,211),(71,244,213),(73,260,223),(75,262,225),(77,264,227),(79,280,237),(81,282,239),(83,284,241),(85,300,251),(87,302,253),(89,304,255),(91,320,265),(93,322,267),(95,324,269),(97,340,279),(99,342,281),(101,344,283),(103,360,293),(105,362,295),(107,364,297),(109,377,307),(111,379,309),(113,381,311),(115,394,321),(117,396,323),(119,398,325),(121,411,335),(123,413,337),(125,415,339),(127,428,349),(129,430,351),(131,432,353),(133,445,363),(135,447,365),(137,449,367),(139,476,369),(141,478,371),(143,480,373),(145,493,375),(147,495,377),(149,497,379),(150,509,388),(152,511,390),(154,513,392),(156,537,394),(158,539,396),(160,541,398),(162,543,416),(164,545,418),(166,547,420),(168,560,430),(170,562,432),(172,564,434),(174,580,444),(176,582,446),(178,584,448),(180,597,458),(182,599,460),(184,601,462),(186,614,472),(188,616,474),(190,618,476),(192,634,486),(194,636,488),(196,638,490),(198,654,500),(200,656,502),(202,658,504),(204,674,514),(206,676,516),(208,678,518),(210,700,528),(212,702,530),(214,704,532),(216,720,542),(218,722,544),(220,724,546);
/*!40000 ALTER TABLE `detalleinstrumento` ENABLE KEYS */;
UNLOCK TABLES;

--
-- Table structure for table `instrumento`
--

DROP TABLE IF EXISTS `instrumento`;
/*!40101 SET @saved_cs_client     = @@character_set_client */;
/*!40101 SET character_set_client = utf8 */;
CREATE TABLE `instrumento` (
  `Idinstrumento` int(11) NOT NULL AUTO_INCREMENT,
  `tipo` varchar(45) DEFAULT NULL,
  `marca` varchar(45) DEFAULT NULL,
  `modelo` varchar(45) DEFAULT NULL,
  `aniofabricacion` int(11) DEFAULT NULL,
  `caracteristica` varchar(45) DEFAULT NULL,
  `costo` decimal(2,0) DEFAULT NULL,
  `stock` int(11) DEFAULT NULL,
  PRIMARY KEY (`Idinstrumento`)
) ENGINE=InnoDB AUTO_INCREMENT=740 DEFAULT CHARSET=utf8;
/*!40101 SET character_set_client = @saved_cs_client */;

--
-- Dumping data for table `instrumento`
--

LOCK TABLES `instrumento` WRITE;
/*!40000 ALTER TABLE `instrumento` DISABLE KEYS */;
INSERT INTO `instrumento` VALUES (1,'viento','selmer','cc2013',2013,'Saxo Frances',25,10),(2,'viento','selmer','cc2013',2013,'Saxo Frances',25,10),(3,'viento','selmer','cc2013',2013,'Saxo Frances',25,10),(4,'viento','selmer','cc2013',2013,'Saxo Frances',25,10),(5,'viento','selmer','cc2013',2013,'Saxo Frances',25,10),(6,'viento','selmer','cc2013',2013,'Saxo Frances',25,10),(7,'viento','selmer','cc2013',2013,'Saxo Frances',25,10),(9,'viento','selmer','cc2013',2013,'Saxo Frances',25,10),(11,'viento','selmer','cc2013',2013,'Saxo Frances',25,10),(13,'viento','selmer','cc2013',2013,'Saxo Frances',25,10),(15,'viento','selmer','cc2013',2013,'Saxo Frances',25,10),(16,'viento','selmer','cc2013',2013,'Saxo Frances',25,10),(17,'viento','selmer','cc2013',2013,'Saxo Frances',25,10),(18,'viento','selmer','cc2013',2013,'Saxo Frances',25,10),(19,'viento','selmer','cc2013',2013,'Saxo Frances',25,10),(20,'viento','selmer','cc2013',2013,'Saxo Frances',25,10),(21,'viento','selmer','cc2013',2013,'Saxo Frances',25,10),(23,'viento','selmer','cc2013',2013,'Saxo Frances',25,10),(25,'viento','selmer','cc2013',2013,'Saxo Frances',25,10),(27,'viento','selmer','cc2013',2013,'Saxo Frances',25,10),(29,'viento','selmer','cc2013',2013,'Saxo Frances',25,10),(31,'viento','selmer','cc2013',2013,'Saxo Frances',25,10),(33,'viento','selmer','cc2013',2013,'Saxo Frances',25,10),(35,'viento','selmer','cc2013',2013,'Saxo Frances',25,10),(36,'viento','selmer','cc2013',2013,'Saxo Frances',25,10),(37,'viento','selmer','cc2013',2013,'Saxo Frances',25,10),(38,'viento','selmer','cc2013',2013,'Saxo Frances',25,10),(40,'viento','selmer','cc2013',2013,'Saxo Frances',25,10),(42,'viento','selmer','cc2013',2013,'Saxo Frances',25,10),(44,'viento','selmer','cc2013',2013,'Saxo Frances',25,10),(46,'viento','selmer','cc2013',2013,'Saxo Frances',25,10),(48,'viento','selmer','cc2013',2013,'Saxo Frances',25,10),(50,'viento','selmer','cc2013',2013,'Saxo Frances',25,10),(52,'viento','selmer','cc2013',2013,'Saxo Frances',25,10),(53,'viento','selmer','cc2013',2013,'Saxo Frances',25,10),(54,'viento','selmer','cc2013',2013,'Saxo Frances',25,10),(55,'viento','selmer','cc2013',2013,'Saxo Frances',25,10),(57,'viento','selmer','cc2013',2013,'Saxo Frances',25,10),(59,'viento','selmer','cc2013',2013,'Saxo Frances',25,10),(61,'viento','selmer','cc2013',2013,'Saxo Frances',25,10),(63,'viento','selmer','cc2013',2013,'Saxo Frances',25,10),(65,'viento','selmer','cc2013',2013,'Saxo Frances',25,10),(67,'viento','selmer','cc2013',2013,'Saxo Frances',25,10),(69,'viento','selmer','cc2013',2013,'Saxo Frances',25,10),(70,'viento','selmer','cc2013',2013,'Saxo Frances',25,10),(71,'viento','selmer','cc2013',2013,'Saxo Frances',25,10),(72,'viento','selmer','cc2013',2013,'Saxo Frances',25,10),(74,'viento','selmer','cc2013',2013,'Saxo Frances',25,10),(76,'viento','selmer','cc2013',2013,'Saxo Frances',25,10),(78,'viento','selmer','cc2013',2013,'Saxo Frances',25,10),(80,'viento','selmer','cc2013',2013,'Saxo Frances',25,10),(82,'viento','selmer','cc2013',2013,'Saxo Frances',25,10),(84,'viento','selmer','cc2013',2013,'Saxo Frances',25,10),(86,'viento','selmer','cc2013',2013,'Saxo Frances',25,10),(88,'viento','selmer','cc2013',2013,'Saxo Frances',25,10),(90,'viento','selmer','cc2013',2013,'Saxo Frances',25,10),(92,'viento','selmer','cc2013',2013,'Saxo Frances',25,10),(94,'viento','selmer','cc2013',2013,'Saxo Frances',25,10),(96,'viento','selmer','cc2013',2013,'Saxo Frances',25,10),(98,'viento','selmer','cc2013',2013,'Saxo Frances',25,10),(100,'viento','selmer','cc2013',2013,'Saxo Frances',25,10),(102,'viento','selmer','cc2013',2013,'Saxo Frances',25,10),(104,'viento','selmer','cc2013',2013,'Saxo Frances',25,10),(106,'viento','selmer','cc2013',2013,'Saxo Frances',25,10),(108,'viento','selmer','cc2013',2013,'Saxo Frances',25,10),(110,'viento','selmer','cc2013',2013,'Saxo Frances',25,10),(112,'viento','selmer','cc2013',2013,'Saxo Frances',25,10),(114,'viento','selmer','cc2013',2013,'Saxo Frances',25,10),(116,'viento','selmer','cc2013',2013,'Saxo Frances',25,10),(118,'viento','selmer','cc2013',2013,'Saxo Frances',25,10),(120,'viento','selmer','cc2013',2013,'Saxo Frances',25,10),(122,'viento','selmer','cc2013',2013,'Saxo Frances',25,10),(124,'viento','selmer','cc2013',2013,'Saxo Frances',25,10),(126,'viento','selmer','cc2013',2013,'Saxo Frances',25,10),(128,'viento','selmer','cc2013',2013,'Saxo Frances',25,10),(130,'viento','selmer','cc2013',2013,'Saxo Frances',25,10),(132,'viento','selmer','cc2013',2013,'Saxo Frances',25,10),(134,'viento','selmer','cc2013',2013,'Saxo Frances',25,10),(136,'viento','selmer','cc2013',2013,'Saxo Frances',25,10),(138,'viento','selmer','cc2013',2013,'Saxo Frances',25,10),(140,'viento','selmer','cc2013',2013,'Saxo Frances',25,10),(142,'viento','selmer','cc2013',2013,'Saxo Frances',25,10),(144,'viento','selmer','cc2013',2013,'Saxo Frances',25,10),(146,'viento','selmer','cc2013',2013,'Saxo Frances',25,10),(148,'viento','selmer','cc2013',2013,'Saxo Frances',25,10),(150,'viento','selmer','cc2013',2013,'Saxo Frances',25,10),(152,'viento','selmer','cc2013',2013,'Saxo Frances',25,10),(154,'viento','selmer','cc2013',2013,'Saxo Frances',25,10),(156,'viento','selmer','cc2013',2013,'Saxo Frances',25,10),(158,'viento','selmer','cc2013',2013,'Saxo Frances',25,10),(160,'viento','selmer','cc2013',2013,'Saxo Frances',25,10),(162,'viento','selmer','cc2013',2013,'Saxo Frances',25,10),(164,'viento','selmer','cc2013',2013,'Saxo Frances',25,10),(166,'viento','selmer','cc2013',2013,'Saxo Frances',25,10),(168,'viento','selmer','cc2013',2013,'Saxo Frances',25,10),(170,'viento','selmer','cc2013',2013,'Saxo Frances',25,10),(172,'viento','selmer','cc2013',2013,'Saxo Frances',25,10),(174,'viento','selmer','cc2013',2013,'Saxo Frances',25,10),(176,'viento','selmer','cc2013',2013,'Saxo Frances',25,10),(178,'viento','selmer','cc2013',2013,'Saxo Frances',25,10),(180,'viento','selmer','cc2013',2013,'Saxo Frances',25,10),(182,'viento','selmer','cc2013',2013,'Saxo Frances',25,10),(184,'viento','selmer','cc2013',2013,'Saxo Frances',25,10),(186,'viento','selmer','cc2013',2013,'Saxo Frances',25,10),(188,'viento','selmer','cc2013',2013,'Saxo Frances',25,10),(190,'viento','selmer','cc2013',2013,'Saxo Frances',25,10),(192,'viento','selmer','cc2013',2013,'Saxo Frances',25,10),(194,'viento','selmer','cc2013',2013,'Saxo Frances',25,10),(196,'viento','selmer','cc2013',2013,'Saxo Frances',25,10),(198,'viento','selmer','cc2013',2013,'Saxo Frances',25,10),(200,'viento','selmer','cc2013',2013,'Saxo Frances',25,10),(202,'viento','selmer','cc2013',2013,'Saxo Frances',25,10),(204,'viento','selmer','cc2013',2013,'Saxo Frances',25,10),(206,'viento','selmer','cc2013',2013,'Saxo Frances',25,10),(208,'viento','selmer','cc2013',2013,'Saxo Frances',25,10),(210,'viento','selmer','cc2013',2013,'Saxo Frances',25,10),(212,'viento','selmer','cc2013',2013,'Saxo Frances',25,10),(214,'viento','selmer','cc2013',2013,'Saxo Frances',25,10),(216,'viento','selmer','cc2013',2013,'Saxo Frances',25,10),(218,'viento','selmer','cc2013',2013,'Saxo Frances',25,10),(220,'viento','selmer','cc2013',2013,'Saxo Frances',25,10),(222,'viento','selmer','cc2013',2013,'Saxo Frances',25,10),(224,'viento','selmer','cc2013',2013,'Saxo Frances',25,10),(226,'viento','selmer','cc2013',2013,'Saxo Frances',25,10),(228,'viento','selmer','cc2013',2013,'Saxo Frances',25,10),(230,'viento','selmer','cc2013',2013,'Saxo Frances',25,10),(232,'viento','selmer','cc2013',2013,'Saxo Frances',25,10),(234,'viento','selmer','cc2013',2013,'Saxo Frances',25,10),(236,'viento','selmer','cc2013',2013,'Saxo Frances',25,10),(238,'viento','selmer','cc2013',2013,'Saxo Frances',25,10),(240,'viento','selmer','cc2013',2013,'Saxo Frances',25,10),(242,'viento','selmer','cc2013',2013,'Saxo Frances',25,10),(244,'viento','selmer','cc2013',2013,'Saxo Frances',25,10),(246,'viento','selmer','cc2013',2013,'Saxo Frances',25,10),(248,'viento','selmer','cc2013',2013,'Saxo Frances',25,10),(250,'viento','selmer','cc2013',2013,'Saxo Frances',25,10),(252,'viento','selmer','cc2013',2013,'Saxo Frances',25,10),(254,'viento','selmer','cc2013',2013,'Saxo Frances',25,10),(256,'viento','selmer','cc2013',2013,'Saxo Frances',25,10),(258,'viento','selmer','cc2013',2013,'Saxo Frances',25,10),(260,'viento','selmer','cc2013',2013,'Saxo Frances',25,10),(262,'viento','selmer','cc2013',2013,'Saxo Frances',25,10),(264,'viento','selmer','cc2013',2013,'Saxo Frances',25,10),(266,'viento','selmer','cc2013',2013,'Saxo Frances',25,10),(268,'viento','selmer','cc2013',2013,'Saxo Frances',25,10),(270,'viento','selmer','cc2013',2013,'Saxo Frances',25,10),(272,'viento','selmer','cc2013',2013,'Saxo Frances',25,10),(274,'viento','selmer','cc2013',2013,'Saxo Frances',25,10),(276,'viento','selmer','cc2013',2013,'Saxo Frances',25,10),(278,'viento','selmer','cc2013',2013,'Saxo Frances',25,10),(280,'viento','selmer','cc2013',2013,'Saxo Frances',25,10),(282,'viento','selmer','cc2013',2013,'Saxo Frances',25,10),(284,'viento','selmer','cc2013',2013,'Saxo Frances',25,10),(286,'viento','selmer','cc2013',2013,'Saxo Frances',25,10),(288,'viento','selmer','cc2013',2013,'Saxo Frances',25,10),(290,'viento','selmer','cc2013',2013,'Saxo Frances',25,10),(292,'viento','selmer','cc2013',2013,'Saxo Frances',25,10),(294,'viento','selmer','cc2013',2013,'Saxo Frances',25,10),(296,'viento','selmer','cc2013',2013,'Saxo Frances',25,10),(298,'viento','selmer','cc2013',2013,'Saxo Frances',25,10),(300,'viento','selmer','cc2013',2013,'Saxo Frances',25,10),(302,'viento','selmer','cc2013',2013,'Saxo Frances',25,10),(304,'viento','selmer','cc2013',2013,'Saxo Frances',25,10),(306,'viento','selmer','cc2013',2013,'Saxo Frances',25,10),(308,'viento','selmer','cc2013',2013,'Saxo Frances',25,10),(310,'viento','selmer','cc2013',2013,'Saxo Frances',25,10),(312,'viento','selmer','cc2013',2013,'Saxo Frances',25,10),(314,'viento','selmer','cc2013',2013,'Saxo Frances',25,10),(316,'viento','selmer','cc2013',2013,'Saxo Frances',25,10),(318,'viento','selmer','cc2013',2013,'Saxo Frances',25,10),(320,'viento','selmer','cc2013',2013,'Saxo Frances',25,10),(322,'viento','selmer','cc2013',2013,'Saxo Frances',25,10),(324,'viento','selmer','cc2013',2013,'Saxo Frances',25,10),(326,'viento','selmer','cc2013',2013,'Saxo Frances',25,10),(328,'viento','selmer','cc2013',2013,'Saxo Frances',25,10),(330,'viento','selmer','cc2013',2013,'Saxo Frances',25,10),(332,'viento','selmer','cc2013',2013,'Saxo Frances',25,10),(334,'viento','selmer','cc2013',2013,'Saxo Frances',25,10),(336,'viento','selmer','cc2013',2013,'Saxo Frances',25,10),(338,'viento','selmer','cc2013',2013,'Saxo Frances',25,10),(340,'viento','selmer','cc2013',2013,'Saxo Frances',25,10),(342,'viento','selmer','cc2013',2013,'Saxo Frances',25,10),(344,'viento','selmer','cc2013',2013,'Saxo Frances',25,10),(346,'viento','selmer','cc2013',2013,'Saxo Frances',25,10),(348,'viento','selmer','cc2013',2013,'Saxo Frances',25,10),(350,'viento','selmer','cc2013',2013,'Saxo Frances',25,10),(352,'viento','selmer','cc2013',2013,'Saxo Frances',25,10),(354,'viento','selmer','cc2013',2013,'Saxo Frances',25,10),(356,'viento','selmer','cc2013',2013,'Saxo Frances',25,10),(358,'viento','selmer','cc2013',2013,'Saxo Frances',25,10),(360,'viento','selmer','cc2013',2013,'Saxo Frances',25,10),(362,'viento','selmer','cc2013',2013,'Saxo Frances',25,10),(364,'viento','selmer','cc2013',2013,'Saxo Frances',25,10),(366,'viento','selmer','cc2013',2013,'Saxo Frances',25,10),(367,'viento','selmer','cc2013',2013,'Saxo Frances',25,10),(368,'viento','selmer','cc2013',2013,'Saxo Frances',25,10),(369,'viento','selmer','cc2013',2013,'Saxo Frances',25,10),(371,'viento','selmer','cc2013',2013,'Saxo Frances',25,10),(373,'viento','selmer','cc2013',2013,'Saxo Frances',25,10),(375,'viento','selmer','cc2013',2013,'Saxo Frances',25,10),(377,'viento','selmer','cc2013',2013,'Saxo Frances',25,10),(379,'viento','selmer','cc2013',2013,'Saxo Frances',25,10),(381,'viento','selmer','cc2013',2013,'Saxo Frances',25,10),(383,'viento','selmer','cc2013',2013,'Saxo Frances',25,10),(384,'viento','selmer','cc2013',2013,'Saxo Frances',25,10),(385,'viento','selmer','cc2013',2013,'Saxo Frances',25,10),(386,'viento','selmer','cc2013',2013,'Saxo Frances',25,10),(388,'viento','selmer','cc2013',2013,'Saxo Frances',25,10),(390,'viento','selmer','cc2013',2013,'Saxo Frances',25,10),(392,'viento','selmer','cc2013',2013,'Saxo Frances',25,10),(394,'viento','selmer','cc2013',2013,'Saxo Frances',25,10),(396,'viento','selmer','cc2013',2013,'Saxo Frances',25,10),(398,'viento','selmer','cc2013',2013,'Saxo Frances',25,10),(400,'viento','selmer','cc2013',2013,'Saxo Frances',25,10),(401,'viento','selmer','cc2013',2013,'Saxo Frances',25,10),(402,'viento','selmer','cc2013',2013,'Saxo Frances',25,10),(403,'viento','selmer','cc2013',2013,'Saxo Frances',25,10),(405,'viento','selmer','cc2013',2013,'Saxo Frances',25,10),(407,'viento','selmer','cc2013',2013,'Saxo Frances',25,10),(409,'viento','selmer','cc2013',2013,'Saxo Frances',25,10),(411,'viento','selmer','cc2013',2013,'Saxo Frances',25,10),(413,'viento','selmer','cc2013',2013,'Saxo Frances',25,10),(415,'viento','selmer','cc2013',2013,'Saxo Frances',25,10),(417,'viento','selmer','cc2013',2013,'Saxo Frances',25,10),(418,'viento','selmer','cc2013',2013,'Saxo Frances',25,10),(419,'viento','selmer','cc2013',2013,'Saxo Frances',25,10),(420,'viento','selmer','cc2013',2013,'Saxo Frances',25,10),(422,'viento','selmer','cc2013',2013,'Saxo Frances',25,10),(424,'viento','selmer','cc2013',2013,'Saxo Frances',25,10),(426,'viento','selmer','cc2013',2013,'Saxo Frances',25,10),(428,'viento','selmer','cc2013',2013,'Saxo Frances',25,10),(430,'viento','selmer','cc2013',2013,'Saxo Frances',25,10),(432,'viento','selmer','cc2013',2013,'Saxo Frances',25,10),(434,'viento','selmer','cc2013',2013,'Saxo Frances',25,10),(435,'viento','selmer','cc2013',2013,'Saxo Frances',25,10),(436,'viento','selmer','cc2013',2013,'Saxo Frances',25,10),(437,'viento','selmer','cc2013',2013,'Saxo Frances',25,10),(439,'viento','selmer','cc2013',2013,'Saxo Frances',25,10),(441,'viento','selmer','cc2013',2013,'Saxo Frances',25,10),(443,'viento','selmer','cc2013',2013,'Saxo Frances',25,10),(445,'viento','selmer','cc2013',2013,'Saxo Frances',25,10),(447,'viento','selmer','cc2013',2013,'Saxo Frances',25,10),(449,'viento','selmer','cc2013',2013,'Saxo Frances',25,10),(451,'viento','selmer','cc2013',2013,'Saxo Frances',25,10),(452,'viento','selmer','cc2013',2013,'Saxo Frances',25,10),(453,'viento','selmer','cc2013',2013,'Saxo Frances',25,10),(454,'viento','selmer','cc2013',2013,'Saxo Frances',25,10),(456,'viento','selmer','cc2013',2013,'Saxo Frances',25,10),(458,'viento','selmer','cc2013',2013,'Saxo Frances',25,10),(460,'viento','selmer','cc2013',2013,'Saxo Frances',25,10),(462,'viento','selmer','cc2013',2013,'Saxo Frances',25,NULL),(463,'viento','selmer','cc2013',2013,'Saxo Frances',25,NULL),(464,'viento','selmer','cc2013',2013,'Saxo Frances',25,NULL),(465,'viento','selmer','cc2013',2013,'Saxo Frances',25,NULL),(466,'viento','selmer','cc2013',2013,'Saxo Frances',25,NULL),(467,'viento','selmer','cc2013',2013,'Saxo Frances',25,NULL),(468,'viento','selmer','cc2013',2013,'Saxo Frances',25,NULL),(470,'viento','selmer','cc2013',2013,'Saxo Frances',25,NULL),(472,'viento','selmer','cc2013',2013,'Saxo Frances',25,NULL),(474,'viento','selmer','cc2013',2013,'Saxo Frances',25,NULL),(476,'viento','selmer','cc2013',2013,'Saxo Frances',25,10),(478,'viento','selmer','cc2013',2013,'Saxo Frances',25,10),(480,'viento','selmer','cc2013',2013,'Saxo Frances',25,10),(482,'viento','selmer','cc2013',2013,'Saxo Frances',25,10),(483,'viento','selmer','cc2013',2013,'Saxo Frances',25,10),(484,'viento','selmer','cc2013',2013,'Saxo Frances',25,10),(485,'viento','selmer','cc2013',2013,'Saxo Frances',25,10),(487,'viento','selmer','cc2013',2013,'Saxo Frances',25,10),(489,'viento','selmer','cc2013',2013,'Saxo Frances',25,10),(491,'viento','selmer','cc2013',2013,'Saxo Frances',25,10),(493,'viento','selmer','cc2013',2013,'Saxo Frances',25,10),(495,'viento','selmer','cc2013',2013,'Saxo Frances',25,10),(497,'viento','selmer','cc2013',2013,'Saxo Frances',25,10),(499,'viento','selmer','cc2013',2013,'Saxo Frances',25,10),(500,'viento','selmer','cc2013',2013,'Saxo Frances',25,10),(501,'viento','selmer','cc2013',2013,'Saxo Frances',25,10),(502,'viento','selmer','cc2013',2013,'Saxo Frances',25,10),(504,'viento','selmer','cc2013',2013,'Saxo Frances',25,10),(506,'viento','selmer','cc2013',2013,'Saxo Frances',25,10),(508,'viento','selmer','cc2013',2013,'Saxo Frances',25,10),(509,'viento','selmer','cc2013',2013,'Saxo Frances',25,10),(511,'viento','selmer','cc2013',2013,'Saxo Frances',25,10),(513,'viento','selmer','cc2013',2013,'Saxo Frances',25,10),(515,'viento','selmer','cc2013',2013,'Saxo Frances',25,10),(516,'viento','selmer','cc2013',2013,'Saxo Frances',25,10),(517,'viento','selmer','cc2013',2013,'Saxo Frances',25,10),(518,'viento','selmer','cc2013',2013,'Saxo Frances',25,10),(520,'viento','selmer','cc2013',2013,'Saxo Frances',25,10),(522,'viento','selmer','cc2013',2013,'Saxo Frances',25,10),(524,'viento','selmer','cc2013',2013,'Saxo Frances',25,10),(526,'viento','selmer','cc2013',2013,'Saxo Frances',25,10),(528,'viento','selmer','cc2013',2013,'Saxo Frances',25,10),(530,'viento','selmer','cc2013',2013,'Saxo Frances',25,10),(532,'viento','selmer','cc2013',2013,'Saxo Frances',25,10),(534,'viento','selmer','cc2013',2013,'Saxo Frances',25,10),(535,'viento','selmer','cc2013',2013,'Saxo Frances',25,10),(536,'viento','selmer','cc2013',2013,'Saxo Frances',25,10),(537,'viento','selmer','cc2013',2013,'Saxo Frances',25,10),(539,'viento','selmer','cc2013',2013,'Saxo Frances',25,10),(541,'viento','selmer','cc2013',2013,'Saxo Frances',25,10),(543,'viento','selmer','cc2013',2013,'Saxo Frances',25,10),(545,'viento','selmer','cc2013',2013,'Saxo Frances',25,10),(547,'viento','selmer','cc2013',2013,'Saxo Frances',25,10),(549,'viento','selmer','cc2013',2013,'Saxo Frances',25,10),(550,'viento','selmer','cc2013',2013,'Saxo Frances',25,10),(551,'viento','selmer','cc2013',2013,'Saxo Frances',25,10),(552,'viento','selmer','cc2013',2013,'Saxo Frances',25,10),(554,'viento','selmer','cc2013',2013,'Saxo Frances',25,10),(556,'viento','selmer','cc2013',2013,'Saxo Frances',25,10),(558,'viento','selmer','cc2013',2013,'Saxo Frances',25,10),(560,'viento','selmer','cc2013',2013,'Saxo Frances',25,10),(562,'viento','selmer','cc2013',2013,'Saxo Frances',25,10),(564,'viento','selmer','cc2013',2013,'Saxo Frances',25,10),(566,'viento','selmer','cc2013',2013,'Saxo Frances',25,10),(568,'viento','selmer','cc2013',2013,'Saxo Frances',25,10),(570,'viento','selmer','cc2013',2013,'Saxo Frances',25,10),(572,'viento','selmer','cc2013',2013,'Saxo Frances',25,10),(574,'viento','selmer','cc2013',2013,'Saxo Frances',25,10),(576,'viento','selmer','cc2013',2013,'Saxo Frances',25,10),(578,'viento','selmer','cc2013',2013,'Saxo Frances',25,10),(580,'viento','selmer','cc2013',2013,'Saxo Frances',25,10),(582,'viento','selmer','cc2013',2013,'Saxo Frances',25,10),(584,'viento','selmer','cc2013',2013,'Saxo Frances',25,10),(586,'viento','selmer','cc2013',2013,'Saxo Frances',25,10),(587,'viento','selmer','cc2013',2013,'Saxo Frances',25,10),(588,'viento','selmer','cc2013',2013,'Saxo Frances',25,10),(589,'viento','selmer','cc2013',2013,'Saxo Frances',25,10),(591,'viento','selmer','cc2013',2013,'Saxo Frances',25,10),(593,'viento','selmer','cc2013',2013,'Saxo Frances',25,10),(595,'viento','selmer','cc2013',2013,'Saxo Frances',25,10),(597,'viento','selmer','cc2013',2013,'Saxo Frances',25,10),(599,'viento','selmer','cc2013',2013,'Saxo Frances',25,10),(601,'viento','selmer','cc2013',2013,'Saxo Frances',25,10),(603,'viento','selmer','cc2013',2013,'Saxo Frances',25,10),(604,'viento','selmer','cc2013',2013,'Saxo Frances',25,10),(605,'viento','selmer','cc2013',2013,'Saxo Frances',25,10),(606,'viento','selmer','cc2013',2013,'Saxo Frances',25,10),(608,'viento','selmer','cc2013',2013,'Saxo Frances',25,10),(610,'viento','selmer','cc2013',2013,'Saxo Frances',25,10),(612,'viento','selmer','cc2013',2013,'Saxo Frances',25,10),(614,'viento','selmer','cc2013',2013,'Saxo Frances',25,10),(616,'viento','selmer','cc2013',2013,'Saxo Frances',25,10),(618,'viento','selmer','cc2013',2013,'Saxo Frances',25,10),(620,'viento','selmer','cc2013',2013,'Saxo Frances',25,10),(622,'viento','selmer','cc2013',2013,'Saxo Frances',25,10),(624,'viento','selmer','cc2013',2013,'Saxo Frances',25,10),(626,'viento','selmer','cc2013',2013,'Saxo Frances',25,10),(628,'viento','selmer','cc2013',2013,'Saxo Frances',25,10),(630,'viento','selmer','cc2013',2013,'Saxo Frances',25,10),(632,'viento','selmer','cc2013',2013,'Saxo Frances',25,10),(634,'viento','selmer','cc2013',2013,'Saxo Frances',25,10),(636,'viento','selmer','cc2013',2013,'Saxo Frances',25,10),(638,'viento','selmer','cc2013',2013,'Saxo Frances',25,10),(640,'viento','selmer','cc2013',2013,'Saxo Frances',25,10),(642,'viento','selmer','cc2013',2013,'Saxo Frances',25,10),(644,'viento','selmer','cc2013',2013,'Saxo Frances',25,10),(646,'viento','selmer','cc2013',2013,'Saxo Frances',25,10),(648,'viento','selmer','cc2013',2013,'Saxo Frances',25,10),(650,'viento','selmer','cc2013',2013,'Saxo Frances',25,10),(652,'viento','selmer','cc2013',2013,'Saxo Frances',25,10),(654,'viento','selmer','cc2013',2013,'Saxo Frances',25,10),(656,'viento','selmer','cc2013',2013,'Saxo Frances',25,10),(658,'viento','selmer','cc2013',2013,'Saxo Frances',25,10),(660,'viento','selmer','cc2013',2013,'Saxo Frances',25,10),(662,'viento','selmer','cc2013',2013,'Saxo Frances',25,10),(664,'viento','selmer','cc2013',2013,'Saxo Frances',25,10),(666,'viento','selmer','cc2013',2013,'Saxo Frances',25,10),(668,'viento','selmer','cc2013',2013,'Saxo Frances',25,10),(670,'viento','selmer','cc2013',2013,'Saxo Frances',25,10),(672,'viento','selmer','cc2013',2013,'Saxo Frances',25,10),(674,'viento','selmer','cc2013',2013,'Saxo Frances',25,10),(676,'viento','selmer','cc2013',2013,'Saxo Frances',25,10),(678,'viento','selmer','cc2013',2013,'Saxo Frances',25,10),(680,'viento','selmer','cc2013',2013,'Saxo Frances',25,10),(682,'viento','selmer','cc2013',2013,'Saxo Frances',25,10),(684,'viento','selmer','cc2013',2013,'Saxo Frances',25,10),(686,'viento','selmer','cc2013',2013,'Saxo Frances',25,10),(688,'viento','selmer','cc2013',2013,'Saxo Frances',25,10),(690,'viento','selmer','cc2013',2013,'Saxo Frances',25,10),(692,'viento','selmer','cc2013',2013,'Saxo Frances',25,10),(694,'viento','selmer','cc2013',2013,'Saxo Frances',25,10),(696,'viento','selmer','cc2013',2013,'Saxo Frances',25,10),(698,'viento','selmer','cc2013',2013,'Saxo Frances',25,10),(700,'viento','selmer','cc2013',2013,'Saxo Frances',25,10),(702,'viento','selmer','cc2013',2013,'Saxo Frances',25,10),(704,'viento','selmer','cc2013',2013,'Saxo Frances',25,10),(706,'viento','selmer','cc2013',2013,'Saxo Frances',25,10),(708,'viento','selmer','cc2013',2013,'Saxo Frances',25,10),(710,'viento','selmer','cc2013',2013,'Saxo Frances',25,10),(712,'viento','selmer','cc2013',2013,'Saxo Frances',25,10),(714,'viento','selmer','cc2013',2013,'Saxo Frances',25,10),(716,'viento','selmer','cc2013',2013,'Saxo Frances',25,10),(718,'viento','selmer','cc2013',2013,'Saxo Frances',25,10),(720,'viento','selmer','cc2013',2013,'Saxo Frances',25,10),(722,'viento','selmer','cc2013',2013,'Saxo Frances',25,10),(724,'viento','selmer','cc2013',2013,'Saxo Frances',25,10),(726,'viento','selmer','cc2013',2013,'Saxo Frances',25,10),(728,'viento','selmer','cc2013',2013,'Saxo Frances',25,10),(730,'viento','selmer','cc2013',2013,'Saxo Frances',25,10),(732,'viento','selmer','cc2013',2013,'Saxo Frances',25,10),(734,'viento','selmer','cc2013',2013,'Saxo Frances',25,10),(736,'viento','selmer','cc2013',2013,'Saxo Frances',25,10),(738,'viento','selmer','cc2013',2013,'Saxo Frances',25,10);
/*!40000 ALTER TABLE `instrumento` ENABLE KEYS */;
UNLOCK TABLES;

--
-- Table structure for table `armadosala`
--

DROP TABLE IF EXISTS `armadosala`;
/*!40101 SET @saved_cs_client     = @@character_set_client */;
/*!40101 SET character_set_client = utf8 */;
CREATE TABLE `armadosala` (
  `idArmadoSala` int(11) NOT NULL AUTO_INCREMENT,
  `Costo` decimal(2,0) DEFAULT NULL,
  `idSala` int(11) NOT NULL,
  `idServicio` int(11) NOT NULL,
  PRIMARY KEY (`idArmadoSala`),
  KEY `fk_ArmadoSala_Sala1_idx` (`idSala`),
  KEY `fx_ArmadoSala_Servicio1_idx` (`idServicio`),
  CONSTRAINT `fk_ArmadoSala_Sala1` FOREIGN KEY (`idSala`) REFERENCES `sala` (`idSala`) ON DELETE NO ACTION ON UPDATE NO ACTION,
  CONSTRAINT `fx_ArmadoSala_Servicio1` FOREIGN KEY (`idServicio`) REFERENCES `servicio` (`idServicio`) ON DELETE NO ACTION ON UPDATE NO ACTION
) ENGINE=InnoDB AUTO_INCREMENT=548 DEFAULT CHARSET=utf8;
/*!40101 SET character_set_client = @saved_cs_client */;

--
-- Dumping data for table `armadosala`
--

LOCK TABLES `armadosala` WRITE;
/*!40000 ALTER TABLE `armadosala` DISABLE KEYS */;
INSERT INTO `armadosala` VALUES (1,12,49,49),(3,12,51,51),(5,12,53,53),(7,12,55,55),(9,12,65,65),(11,12,67,67),(13,12,69,69),(15,12,71,71),(17,12,81,81),(19,12,83,83),(21,12,85,85),(23,12,87,87),(25,12,97,97),(27,12,99,99),(29,12,101,101),(31,12,103,103),(33,12,105,105),(34,12,106,106),(35,12,107,107),(36,12,116,116),(38,12,118,118),(40,12,120,120),(42,12,122,122),(44,12,124,124),(45,12,125,125),(46,12,126,126),(47,12,135,135),(49,12,137,137),(51,12,139,139),(53,12,141,141),(55,12,143,143),(57,12,145,145),(59,12,147,147),(61,12,157,157),(63,12,159,159),(65,12,161,161),(67,12,163,163),(69,12,165,165),(71,12,167,167),(73,12,169,169),(75,12,190,182),(77,12,192,184),(79,12,194,186),(81,12,196,188),(83,12,198,190),(85,12,200,192),(87,12,202,194),(89,12,223,207),(91,12,225,209),(93,12,227,211),(95,12,229,213),(97,12,231,215),(99,12,233,217),(101,12,235,219),(103,12,259,235),(105,12,261,237),(107,12,263,239),(109,12,265,241),(111,12,267,243),(113,12,269,245),(115,12,271,247),(117,12,295,263),(119,12,297,265),(121,12,299,267),(123,12,301,269),(125,12,303,271),(127,12,305,273),(129,12,307,275),(131,12,331,291),(133,12,333,293),(135,12,335,295),(137,12,337,297),(139,12,339,299),(141,12,341,301),(143,12,343,303),(145,12,367,319),(147,12,369,321),(149,12,371,323),(151,12,373,325),(153,12,375,327),(155,12,377,329),(157,12,379,331),(159,12,403,347),(161,12,405,349),(163,12,407,351),(165,12,409,353),(167,12,411,355),(169,12,413,357),(171,12,415,359),(173,12,439,375),(175,12,441,377),(177,12,443,379),(179,12,445,381),(181,12,447,383),(183,12,449,385),(185,12,451,387),(187,12,475,403),(189,12,477,405),(191,12,479,407),(193,12,481,409),(195,12,483,411),(197,12,485,413),(199,12,487,415),(201,12,527,439),(203,12,529,441),(205,12,531,443),(207,12,533,445),(209,12,535,447),(211,12,537,449),(213,12,539,451),(215,12,563,467),(217,12,565,469),(219,12,567,471),(221,12,569,473),(223,12,571,475),(225,12,573,477),(227,12,575,479),(229,12,599,495),(231,12,601,497),(233,12,603,499),(235,12,605,501),(237,12,607,503),(239,12,609,505),(241,12,611,507),(243,12,635,523),(245,12,637,525),(247,12,639,527),(249,12,641,529),(251,12,643,531),(253,12,645,533),(255,12,647,535),(257,12,671,551),(259,12,673,553),(261,12,675,555),(263,12,677,557),(265,12,679,559),(267,12,681,561),(269,12,683,563),(271,12,707,579),(273,12,709,581),(275,12,711,583),(277,12,713,585),(279,12,715,587),(281,12,717,589),(283,12,719,591),(285,12,743,607),(287,12,745,609),(289,12,747,611),(291,12,749,613),(293,12,751,615),(295,12,753,617),(297,12,755,619),(299,12,773,629),(301,12,775,631),(303,12,777,633),(305,12,779,635),(307,12,781,637),(309,12,783,639),(311,12,785,641),(313,12,795,651),(315,12,797,653),(317,12,799,655),(319,12,801,657),(321,12,803,659),(323,12,805,661),(325,12,807,663),(327,12,817,673),(329,12,819,675),(331,12,821,677),(333,12,823,679),(335,12,825,681),(337,12,827,683),(339,12,829,685),(341,12,839,695),(343,12,841,697),(345,12,843,699),(347,12,845,701),(349,12,847,703),(351,12,849,705),(353,12,851,707),(355,12,861,717),(357,12,863,719),(359,12,865,721),(361,12,867,723),(363,12,869,725),(365,12,871,727),(367,12,873,729),(369,12,905,754),(371,12,907,756),(373,12,909,758),(375,12,919,768),(377,12,921,770),(379,12,923,772),(380,12,932,781),(382,12,934,783),(384,12,936,785),(386,12,938,787),(388,12,940,789),(390,12,942,791),(392,12,944,793),(394,12,962,811),(396,12,964,813),(398,12,966,815),(400,12,968,817),(402,12,970,819),(404,12,972,821),(406,12,974,823),(408,12,976,825),(410,12,978,827),(412,12,980,829),(414,12,982,831),(416,12,984,833),(418,12,986,835),(420,12,988,837),(422,12,998,847),(424,12,1000,849),(426,12,1002,851),(428,12,1004,853),(430,12,1006,855),(432,12,1008,857),(434,12,1010,859),(436,12,1034,875),(438,12,1036,877),(440,12,1038,879),(442,12,1040,881),(444,12,1042,883),(446,12,1044,885),(448,12,1046,887),(450,12,1056,897),(452,12,1058,899),(454,12,1060,901),(456,12,1062,903),(458,12,1064,905),(460,12,1066,907),(462,12,1068,909),(464,12,1078,919),(466,12,1080,921),(468,12,1082,923),(470,12,1084,925),(472,12,1086,927),(474,12,1088,929),(476,12,1090,931),(478,12,1114,947),(480,12,1116,949),(482,12,1118,951),(484,12,1120,953),(486,12,1122,955),(488,12,1124,957),(490,12,1126,959),(492,12,1150,975),(494,12,1152,977),(496,12,1154,979),(498,12,1156,981),(500,12,1158,983),(502,12,1160,985),(504,12,1162,987),(506,12,1186,1003),(508,12,1188,1005),(510,12,1190,1007),(512,12,1192,1009),(514,12,1194,1011),(516,12,1196,1013),(518,12,1198,1015),(520,12,1236,1037),(522,12,1238,1039),(524,12,1240,1041),(526,12,1242,1043),(528,12,1244,1045),(530,12,1246,1047),(532,12,1248,1049),(534,12,1272,1065),(536,12,1274,1067),(538,12,1276,1069),(540,12,1278,1071),(542,12,1280,1073),(544,12,1282,1075),(546,12,1284,1077);
/*!40000 ALTER TABLE `armadosala` ENABLE KEYS */;
UNLOCK TABLES;

--
-- Table structure for table `reserva`
--

DROP TABLE IF EXISTS `reserva`;
/*!40101 SET @saved_cs_client     = @@character_set_client */;
/*!40101 SET character_set_client = utf8 */;
CREATE TABLE `reserva` (
  `idReserva` int(11) NOT NULL AUTO_INCREMENT,
  `fecha` date NOT NULL,
  `Hora` varchar(45) DEFAULT NULL,
  `CantHora` int(11) DEFAULT NULL,
  `Costo` decimal(2,0) DEFAULT NULL,
  `idSala` int(11) NOT NULL,
  `idUsuario` int(11) NOT NULL,
  PRIMARY KEY (`idReserva`),
  KEY `fk_Reserva_Sala1_idx` (`idSala`),
  KEY `idUsuario_idx` (`idUsuario`),
  CONSTRAINT `fk_Reserva_Sala1` FOREIGN KEY (`idSala`) REFERENCES `sala` (`idSala`) ON DELETE NO ACTION ON UPDATE NO ACTION,
  CONSTRAINT `idUsuario` FOREIGN KEY (`idUsuario`) REFERENCES `usuario` (`idUsuario`) ON DELETE NO ACTION ON UPDATE NO ACTION
) ENGINE=InnoDB AUTO_INCREMENT=113 DEFAULT CHARSET=utf8;
/*!40101 SET character_set_client = @saved_cs_client */;

--
-- Dumping data for table `reserva`
--

LOCK TABLES `reserva` WRITE;
/*!40000 ALTER TABLE `reserva` DISABLE KEYS */;
INSERT INTO `reserva` VALUES (15,'2013-03-21','15:30',50,15,1092,487),(17,'2013-03-21','15:30',50,15,1094,487),(19,'2013-03-21','15:30',50,15,1096,487),(21,'2013-03-21','15:30',50,15,1098,487),(23,'2013-03-21','15:30',50,15,1100,487),(25,'2013-03-21','15:30',50,15,1102,487),(27,'2013-03-21','15:30',50,15,1104,487),(29,'2013-03-21','15:30',50,15,1128,487),(31,'2013-03-21','15:30',50,15,1130,487),(33,'2013-03-21','15:30',50,15,1132,487),(35,'2013-03-21','15:30',50,15,1134,487),(37,'2013-03-21','15:30',50,15,1136,487),(39,'2013-03-21','15:30',50,15,1138,487),(41,'2013-03-21','15:30',50,15,1140,487),(43,'2013-03-21','15:30',50,15,1164,487),(45,'2013-03-21','15:30',50,15,1166,487),(47,'2013-03-21','15:30',50,15,1168,487),(49,'2013-03-21','15:30',50,15,1170,487),(51,'2013-03-21','15:30',50,15,1172,487),(53,'2013-03-21','15:30',50,15,1174,487),(55,'2013-03-21','15:30',50,15,1176,487),(57,'2013-03-21','15:30',50,15,1200,487),(59,'2013-03-21','15:30',50,15,1202,487),(61,'2013-03-21','15:30',50,15,1204,487),(63,'2013-03-21','15:30',50,15,1206,487),(65,'2013-03-21','15:30',50,15,1208,487),(67,'2013-03-21','15:30',50,15,1210,487),(69,'2013-03-21','15:30',50,15,1212,487),(71,'2013-03-21','15:30',50,15,1222,487),(73,'2013-03-21','15:30',50,15,1224,487),(75,'2013-03-21','15:30',50,15,1226,487),(77,'2013-03-21','15:30',50,15,1228,487),(79,'2013-03-21','15:30',50,15,1230,487),(81,'2013-03-21','15:30',50,15,1232,487),(83,'2013-03-21','15:30',50,15,1234,487),(85,'2013-03-21','15:30',50,15,1250,487),(87,'2013-03-21','15:30',50,15,1252,487),(89,'2013-03-21','15:30',50,15,1254,487),(91,'2013-03-21','15:30',50,15,1256,487),(93,'2013-03-21','15:30',50,15,1258,487),(95,'2013-03-21','15:30',50,15,1260,487),(97,'2013-03-21','15:30',50,15,1262,487),(99,'2013-03-21','15:30',50,15,1286,487),(101,'2013-03-21','15:30',50,15,1288,487),(103,'2013-03-21','15:30',50,15,1290,487),(105,'2013-03-21','15:30',50,15,1292,487),(107,'2013-03-21','15:30',50,15,1294,487),(109,'2013-03-21','15:30',50,15,1296,487),(111,'2013-03-21','15:30',50,15,1298,487);
/*!40000 ALTER TABLE `reserva` ENABLE KEYS */;
UNLOCK TABLES;

--
-- Table structure for table `local`
--

DROP TABLE IF EXISTS `local`;
/*!40101 SET @saved_cs_client     = @@character_set_client */;
/*!40101 SET character_set_client = utf8 */;
CREATE TABLE `local` (
  `idLocal` int(11) NOT NULL AUTO_INCREMENT,
  `descripcion` varchar(45) DEFAULT NULL,
  PRIMARY KEY (`idLocal`)
) ENGINE=InnoDB AUTO_INCREMENT=1597 DEFAULT CHARSET=utf8;
/*!40101 SET character_set_client = @saved_cs_client */;

--
-- Dumping data for table `local`
--

LOCK TABLES `local` WRITE;
/*!40000 ALTER TABLE `local` DISABLE KEYS */;
INSERT INTO `local` VALUES (1,'Administrador'),(2,'Administrador'),(3,'Administrador'),(4,'Administrador'),(5,'Miraflores'),(7,'Miraflores'),(9,'Miraflores'),(11,'Miraflores'),(13,'Administrador'),(14,'Administrador'),(16,'Administrador'),(18,'Administrador'),(19,'Administrador'),(20,'Administrador'),(21,'Administrador'),(22,'Administrador'),(23,'Miraflores'),(25,'Miraflores'),(27,'Miraflores'),(29,'Miraflores'),(31,'Administrador'),(32,'Administrador'),(34,'Administrador'),(36,'Administrador'),(37,'Administrador'),(38,'Administrador'),(39,'Administrador'),(40,'Administrador'),(41,'Miraflores'),(43,'Miraflores'),(45,'Miraflores'),(47,'Miraflores'),(49,'Administrador'),(50,'Administrador'),(52,'Administrador'),(54,'Administrador'),(55,'Administrador'),(56,'Administrador'),(57,'Administrador'),(58,'Administrador'),(59,'Miraflores'),(61,'Miraflores'),(63,'Miraflores'),(65,'Miraflores'),(67,'Administrador'),(68,'Administrador'),(70,'Administrador'),(72,'Administrador'),(73,'Administrador'),(75,'Administrador'),(77,'Administrador'),(79,'Administrador'),(81,'Miraflores'),(83,'Miraflores'),(85,'Miraflores'),(87,'Miraflores'),(89,'Administrador'),(90,'Administrador'),(92,'Administrador'),(94,'Administrador'),(95,'Administrador'),(97,'Administrador'),(99,'Administrador'),(101,'Administrador'),(103,'Miraflores'),(105,'Miraflores'),(107,'Miraflores'),(109,'Miraflores'),(111,'Administrador'),(112,'Administrador'),(114,'Administrador'),(116,'Administrador'),(117,'Administrador'),(119,'Administrador'),(121,'Administrador'),(123,'Administrador'),(125,'Miraflores'),(127,'Miraflores'),(129,'Miraflores'),(131,'Miraflores'),(133,'Administrador'),(134,'Administrador'),(136,'Administrador'),(138,'Administrador'),(139,'Administrador'),(141,'Administrador'),(143,'Administrador'),(145,'Administrador'),(147,'Administrador'),(148,'Administrador'),(149,'Administrador'),(150,'Miraflores'),(152,'Miraflores'),(154,'Miraflores'),(156,'Miraflores'),(158,'Administrador'),(159,'Administrador'),(161,'Administrador'),(163,'Administrador'),(164,'Administrador'),(166,'Administrador'),(168,'Administrador'),(170,'Administrador'),(172,'Administrador'),(173,'Administrador'),(174,'Administrador'),(175,'Miraflores'),(177,'Miraflores'),(179,'Miraflores'),(181,'Miraflores'),(183,'Administrador'),(184,'Administrador'),(186,'Administrador'),(188,'Administrador'),(189,'Administrador'),(191,'Administrador'),(193,'Administrador'),(195,'Administrador'),(197,'Administrador'),(199,'Administrador'),(201,'Administrador'),(203,'Miraflores'),(205,'Miraflores'),(207,'Miraflores'),(209,'Miraflores'),(211,'Administrador'),(212,'Administrador'),(214,'Administrador'),(216,'Administrador'),(217,'Administrador'),(219,'Administrador'),(221,'Administrador'),(223,'Administrador'),(225,'Administrador'),(227,'Administrador'),(229,'Administrador'),(231,'Administrador'),(232,'Administrador'),(233,'Administrador'),(234,'Miraflores'),(236,'Miraflores'),(238,'Miraflores'),(240,'Miraflores'),(242,'Administrador'),(244,'Administrador'),(246,'Administrador'),(248,'Administrador'),(250,'Administrador'),(251,'Administrador'),(253,'Administrador'),(255,'Administrador'),(256,'Administrador'),(258,'Administrador'),(260,'Administrador'),(262,'Administrador'),(264,'Administrador'),(266,'Administrador'),(268,'Administrador'),(270,'Administrador'),(271,'Administrador'),(272,'Administrador'),(273,'Miraflores'),(275,'Miraflores'),(277,'Miraflores'),(279,'Miraflores'),(281,'Administrador'),(283,'Administrador'),(285,'Administrador'),(287,'Administrador'),(289,'Administrador'),(290,'Administrador'),(292,'Administrador'),(294,'Administrador'),(295,'Administrador'),(297,'Administrador'),(299,'Administrador'),(301,'Administrador'),(303,'Administrador'),(305,'Administrador'),(307,'Administrador'),(309,'Administrador'),(311,'Administrador'),(313,'Administrador'),(315,'Miraflores'),(317,'Miraflores'),(319,'Miraflores'),(321,'Miraflores'),(323,'Administrador'),(325,'Administrador'),(327,'Administrador'),(329,'Administrador'),(331,'Administrador'),(332,'Administrador'),(334,'Administrador'),(335,'Administrador'),(337,'Administrador'),(339,'Administrador'),(341,'Administrador'),(343,'Administrador'),(345,'Administrador'),(347,'Administrador'),(349,'Administrador'),(351,'Administrador'),(353,'Administrador'),(355,'Administrador'),(357,'Miraflores'),(359,'Miraflores'),(361,'Miraflores'),(363,'Miraflores'),(365,'Administrador'),(367,'Administrador'),(369,'Administrador'),(371,'Administrador'),(373,'Administrador'),(374,'Administrador'),(376,'Administrador'),(377,'Administrador'),(379,'Administrador'),(381,'Administrador'),(383,'Administrador'),(385,'Administrador'),(387,'Administrador'),(389,'Administrador'),(391,'Administrador'),(393,'Administrador'),(395,'Administrador'),(397,'Administrador'),(399,'Miraflores'),(401,'Miraflores'),(403,'Miraflores'),(405,'Miraflores'),(407,'Administrador'),(409,'Administrador'),(411,'Administrador'),(413,'Administrador'),(415,'Administrador'),(416,'Administrador'),(418,'Administrador'),(420,'Administrador'),(421,'Administrador'),(423,'Administrador'),(425,'Administrador'),(427,'Administrador'),(429,'Administrador'),(431,'Administrador'),(433,'Administrador'),(435,'Administrador'),(437,'Administrador'),(439,'Administrador'),(441,'Miraflores'),(443,'Miraflores'),(445,'Miraflores'),(447,'Miraflores'),(449,'Administrador'),(451,'Administrador'),(453,'Administrador'),(455,'Administrador'),(457,'Administrador'),(458,'Administrador'),(460,'Administrador'),(462,'Administrador'),(463,'Administrador'),(465,'Administrador'),(467,'Administrador'),(469,'Administrador'),(471,'Administrador'),(473,'Administrador'),(475,'Administrador'),(477,'Administrador'),(479,'Administrador'),(481,'Administrador'),(483,'Miraflores'),(485,'Miraflores'),(487,'Miraflores'),(489,'Miraflores'),(491,'Administrador'),(493,'Administrador'),(495,'Administrador'),(497,'Administrador'),(499,'Administrador'),(500,'Administrador'),(502,'Administrador'),(504,'Administrador'),(505,'Administrador'),(507,'Administrador'),(509,'Administrador'),(511,'Administrador'),(513,'Administrador'),(515,'Administrador'),(517,'Administrador'),(519,'Administrador'),(521,'Administrador'),(523,'Administrador'),(525,'Miraflores'),(527,'Miraflores'),(529,'Miraflores'),(531,'Miraflores'),(533,'Administrador'),(535,'Administrador'),(537,'Administrador'),(539,'Administrador'),(541,'Administrador'),(542,'Administrador'),(544,'Administrador'),(546,'Administrador'),(547,'Administrador'),(549,'Administrador'),(551,'Administrador'),(553,'Administrador'),(555,'Administrador'),(557,'Administrador'),(559,'Administrador'),(561,'Administrador'),(563,'Administrador'),(565,'Administrador'),(567,'Miraflores'),(569,'Miraflores'),(571,'Miraflores'),(573,'Miraflores'),(575,'Administrador'),(577,'Administrador'),(579,'Administrador'),(581,'Administrador'),(583,'Administrador'),(584,'Administrador'),(586,'Administrador'),(588,'Administrador'),(589,'Administrador'),(591,'Administrador'),(593,'Administrador'),(595,'Administrador'),(597,'Administrador'),(599,'Administrador'),(601,'Administrador'),(603,'Administrador'),(605,'Administrador'),(607,'Administrador'),(609,'Miraflores'),(611,'Miraflores'),(613,'Miraflores'),(615,'Miraflores'),(617,'Administrador'),(619,'Administrador'),(621,'Administrador'),(623,'Administrador'),(625,'Administrador'),(626,'Administrador'),(628,'Administrador'),(630,'Administrador'),(631,'Administrador'),(632,'Administrador'),(633,'Administrador'),(635,'Administrador'),(637,'Administrador'),(639,'Administrador'),(641,'Administrador'),(643,'Administrador'),(645,'Miraflores'),(647,'Miraflores'),(649,'Miraflores'),(651,'Miraflores'),(653,'Administrador'),(655,'Administrador'),(657,'Administrador'),(659,'Administrador'),(661,'Administrador'),(663,'Administrador'),(665,'Administrador'),(667,'Administrador'),(669,'Administrador'),(671,'Administrador'),(673,'Miraflores'),(675,'Miraflores'),(677,'Miraflores'),(679,'Miraflores'),(681,'Administrador'),(683,'Administrador'),(685,'Administrador'),(687,'Administrador'),(689,'Administrador'),(690,'Administrador'),(692,'Administrador'),(694,'Administrador'),(695,'Administrador'),(697,'Administrador'),(699,'Administrador'),(701,'Administrador'),(703,'Administrador'),(705,'Administrador'),(707,'Administrador'),(709,'Administrador'),(711,'Administrador'),(713,'Administrador'),(715,'Miraflores'),(717,'Miraflores'),(719,'Miraflores'),(721,'Miraflores'),(723,'Administrador'),(725,'Administrador'),(727,'Administrador'),(729,'Administrador'),(731,'Administrador'),(732,'Administrador'),(734,'Administrador'),(736,'Administrador'),(737,'Administrador'),(739,'Administrador'),(741,'Administrador'),(743,'Administrador'),(745,'Administrador'),(747,'Administrador'),(749,'Administrador'),(751,'Administrador'),(753,'Administrador'),(755,'Administrador'),(757,'Miraflores'),(759,'Miraflores'),(761,'Miraflores'),(763,'Miraflores'),(765,'Administrador'),(767,'Administrador'),(769,'Administrador'),(771,'Administrador'),(773,'Administrador'),(774,'Administrador'),(776,'Administrador'),(778,'Administrador'),(779,'Administrador'),(781,'Administrador'),(783,'Administrador'),(785,'Administrador'),(787,'Administrador'),(789,'Administrador'),(791,'Administrador'),(793,'Administrador'),(795,'Administrador'),(797,'Administrador'),(799,'Miraflores'),(801,'Miraflores'),(803,'Miraflores'),(805,'Miraflores'),(807,'Administrador'),(809,'Administrador'),(811,'Administrador'),(813,'Administrador'),(815,'Administrador'),(816,'Administrador'),(818,'Administrador'),(820,'Administrador'),(821,'Administrador'),(823,'Administrador'),(825,'Administrador'),(827,'Administrador'),(829,'Administrador'),(831,'Administrador'),(833,'Administrador'),(835,'Administrador'),(837,'Administrador'),(839,'Administrador'),(841,'Miraflores'),(843,'Miraflores'),(845,'Miraflores'),(847,'Miraflores'),(849,'Administrador'),(851,'Administrador'),(853,'Administrador'),(855,'Administrador'),(857,'Administrador'),(858,'Administrador'),(860,'Administrador'),(862,'Administrador'),(863,'Administrador'),(865,'Administrador'),(867,'Administrador'),(869,'Administrador'),(871,'Administrador'),(873,'Administrador'),(875,'Administrador'),(877,'Administrador'),(879,'Administrador'),(881,'Administrador'),(883,'Miraflores'),(885,'Miraflores'),(887,'Miraflores'),(889,'Miraflores'),(891,'Administrador'),(893,'Administrador'),(895,'Administrador'),(897,'Administrador'),(899,'Administrador'),(900,'Administrador'),(902,'Administrador'),(904,'Administrador'),(905,'Administrador'),(907,'Administrador'),(909,'Administrador'),(911,'Administrador'),(913,'Administrador'),(915,'Administrador'),(917,'Administrador'),(919,'Miraflores'),(921,'Miraflores'),(923,'Miraflores'),(925,'Miraflores'),(927,'Administrador'),(929,'Administrador'),(931,'Administrador'),(933,'Administrador'),(935,'Administrador'),(936,'Administrador'),(938,'Administrador'),(940,'Administrador'),(941,'Administrador'),(943,'Administrador'),(945,'Administrador'),(947,'Administrador'),(949,'Administrador'),(951,'Administrador'),(953,'Administrador'),(955,'Miraflores'),(957,'Miraflores'),(959,'Miraflores'),(961,'Miraflores'),(963,'Administrador'),(964,'Administrador'),(966,'Administrador'),(968,'Administrador'),(969,'Administrador'),(971,'Administrador'),(973,'Administrador'),(975,'Administrador'),(977,'Administrador'),(979,'Administrador'),(981,'Administrador'),(983,'Miraflores'),(985,'Miraflores'),(987,'Miraflores'),(989,'Miraflores'),(991,'Administrador'),(992,'Administrador'),(994,'Administrador'),(996,'Administrador'),(997,'Administrador'),(999,'Administrador'),(1001,'Administrador'),(1003,'Administrador'),(1005,'Administrador'),(1007,'Administrador'),(1009,'Administrador'),(1011,'Miraflores'),(1013,'Miraflores'),(1015,'Miraflores'),(1017,'Miraflores'),(1019,'Administrador'),(1020,'Administrador'),(1022,'Administrador'),(1024,'Administrador'),(1025,'Administrador'),(1027,'Administrador'),(1029,'Administrador'),(1031,'Administrador'),(1033,'Administrador'),(1035,'Administrador'),(1037,'Administrador'),(1039,'Miraflores'),(1041,'Miraflores'),(1043,'Miraflores'),(1045,'Miraflores'),(1047,'Administrador'),(1048,'Administrador'),(1050,'Administrador'),(1051,'Administrador'),(1053,'Administrador'),(1055,'Administrador'),(1057,'Administrador'),(1059,'Administrador'),(1061,'Administrador'),(1063,'Administrador'),(1065,'Administrador'),(1067,'Miraflores'),(1069,'Miraflores'),(1071,'Miraflores'),(1073,'Miraflores'),(1075,'Administrador'),(1076,'Administrador'),(1078,'Administrador'),(1080,'Administrador'),(1081,'Administrador'),(1082,'Administrador'),(1083,'Administrador'),(1084,'Administrador'),(1085,'Administrador'),(1086,'Administrador'),(1087,'Administrador'),(1088,'Administrador'),(1089,'Administrador'),(1090,'Administrador'),(1091,'Miraflores'),(1093,'Miraflores'),(1095,'Miraflores'),(1097,'Miraflores'),(1099,'Administrador'),(1100,'Administrador'),(1101,'Administrador'),(1102,'Administrador'),(1103,'Administrador'),(1104,'Administrador'),(1106,'Administrador'),(1108,'Administrador'),(1109,'Administrador'),(1111,'Administrador'),(1113,'Administrador'),(1115,'Miraflores'),(1117,'Miraflores'),(1119,'Miraflores'),(1121,'Miraflores'),(1123,'Administrador'),(1124,'Administrador'),(1126,'Administrador'),(1128,'Administrador'),(1129,'Administrador'),(1131,'Administrador'),(1133,'Administrador'),(1135,'Miraflores'),(1137,'Miraflores'),(1139,'Miraflores'),(1141,'Miraflores'),(1143,'Administrador'),(1144,'Administrador'),(1146,'Administrador'),(1148,'Administrador'),(1149,'Administrador'),(1151,'Administrador'),(1153,'Administrador'),(1155,'Administrador'),(1157,'Administrador'),(1159,'Administrador'),(1161,'Administrador'),(1163,'Miraflores'),(1165,'Miraflores'),(1167,'Miraflores'),(1169,'Miraflores'),(1171,'Administrador'),(1172,'Administrador'),(1174,'Administrador'),(1176,'Administrador'),(1177,'Administrador'),(1178,'Administrador'),(1179,'Administrador'),(1181,'Administrador'),(1183,'Miraflores'),(1185,'Miraflores'),(1187,'Miraflores'),(1189,'Miraflores'),(1191,'Administrador'),(1193,'Administrador'),(1195,'Administrador'),(1197,'Administrador'),(1199,'Administrador'),(1201,'Administrador'),(1203,'Administrador'),(1205,'Administrador'),(1207,'Administrador'),(1209,'Administrador'),(1211,'Administrador'),(1213,'Administrador'),(1215,'Administrador'),(1217,'Administrador'),(1219,'Miraflores'),(1221,'Miraflores'),(1223,'Miraflores'),(1225,'Miraflores'),(1227,'Administrador'),(1228,'Administrador'),(1230,'Administrador'),(1232,'Administrador'),(1233,'Administrador'),(1235,'Administrador'),(1237,'Administrador'),(1239,'Administrador'),(1241,'Administrador'),(1243,'Administrador'),(1245,'Administrador'),(1247,'Administrador'),(1249,'Administrador'),(1251,'Administrador'),(1253,'Miraflores'),(1255,'Miraflores'),(1257,'Miraflores'),(1259,'Miraflores'),(1261,'Administrador'),(1263,'Administrador'),(1265,'Administrador'),(1267,'Administrador'),(1269,'Administrador'),(1270,'Administrador'),(1272,'Administrador'),(1274,'Administrador'),(1275,'Administrador'),(1277,'Administrador'),(1279,'Administrador'),(1281,'Administrador'),(1283,'Administrador'),(1285,'Administrador'),(1287,'Administrador'),(1289,'Miraflores'),(1291,'Miraflores'),(1293,'Miraflores'),(1295,'Miraflores'),(1297,'Administrador'),(1298,'Administrador'),(1300,'Administrador'),(1302,'Administrador'),(1303,'Administrador'),(1305,'Administrador'),(1307,'Administrador'),(1309,'Administrador'),(1311,'Administrador'),(1313,'Administrador'),(1315,'Administrador'),(1317,'Miraflores'),(1319,'Miraflores'),(1321,'Miraflores'),(1323,'Miraflores'),(1325,'Administrador'),(1326,'Administrador'),(1328,'Administrador'),(1330,'Administrador'),(1331,'Administrador'),(1333,'Administrador'),(1335,'Administrador'),(1337,'Administrador'),(1339,'Administrador'),(1341,'Administrador'),(1343,'Administrador'),(1345,'Administrador'),(1347,'Administrador'),(1349,'Administrador'),(1351,'Miraflores'),(1353,'Miraflores'),(1355,'Miraflores'),(1357,'Miraflores'),(1359,'Administrador'),(1361,'Administrador'),(1363,'Administrador'),(1365,'Administrador'),(1367,'Administrador'),(1368,'Administrador'),(1370,'Administrador'),(1372,'Administrador'),(1373,'Administrador'),(1375,'Administrador'),(1377,'Administrador'),(1379,'Administrador'),(1381,'Administrador'),(1383,'Administrador'),(1385,'Administrador'),(1387,'Administrador'),(1389,'Administrador'),(1391,'Administrador'),(1393,'Miraflores'),(1395,'Miraflores'),(1397,'Miraflores'),(1399,'Miraflores'),(1401,'Administrador'),(1403,'Administrador'),(1405,'Administrador'),(1407,'Administrador'),(1409,'Administrador'),(1410,'Administrador'),(1412,'Administrador'),(1414,'Administrador'),(1415,'Administrador'),(1417,'Administrador'),(1419,'Administrador'),(1421,'Administrador'),(1423,'Administrador'),(1425,'Administrador'),(1427,'Administrador'),(1429,'Administrador'),(1431,'Administrador'),(1433,'Administrador'),(1435,'Miraflores'),(1437,'Miraflores'),(1439,'Miraflores'),(1441,'Miraflores'),(1443,'Administrador'),(1445,'Administrador'),(1447,'Administrador'),(1449,'Administrador'),(1451,'Administrador'),(1452,'Administrador'),(1454,'Administrador'),(1456,'Administrador'),(1457,'Administrador'),(1459,'Administrador'),(1461,'Administrador'),(1463,'Administrador'),(1465,'Administrador'),(1467,'Administrador'),(1469,'Administrador'),(1471,'Administrador'),(1473,'Administrador'),(1475,'Administrador'),(1477,'Miraflores'),(1479,'Miraflores'),(1481,'Miraflores'),(1483,'Miraflores'),(1485,'Administrador'),(1487,'Administrador'),(1489,'Administrador'),(1491,'Administrador'),(1493,'Administrador'),(1494,'Administrador'),(1496,'Administrador'),(1498,'Administrador'),(1499,'Administrador'),(1501,'Administrador'),(1503,'Administrador'),(1505,'Administrador'),(1507,'Administrador'),(1509,'Administrador'),(1511,'Administrador'),(1513,'Administrador'),(1515,'Administrador'),(1517,'Administrador'),(1519,'Administrador'),(1521,'Administrador'),(1523,'Administrador'),(1525,'Administrador'),(1527,'Administrador'),(1529,'Administrador'),(1531,'Administrador'),(1533,'Miraflores'),(1535,'Miraflores'),(1537,'Miraflores'),(1539,'Miraflores'),(1541,'Administrador'),(1543,'Administrador'),(1545,'Administrador'),(1547,'Administrador'),(1549,'Administrador'),(1550,'Administrador'),(1551,'Administrador'),(1553,'Administrador'),(1555,'Administrador'),(1557,'Administrador'),(1559,'Administrador'),(1561,'Administrador'),(1563,'Administrador'),(1565,'Administrador'),(1567,'Administrador'),(1569,'Administrador'),(1571,'Administrador'),(1573,'Administrador'),(1575,'Miraflores'),(1577,'Miraflores'),(1579,'Miraflores'),(1581,'Miraflores'),(1583,'Administrador'),(1585,'Administrador'),(1587,'Administrador'),(1589,'Administrador'),(1591,'Administrador'),(1592,'Administrador'),(1594,'Administrador'),(1596,'Administrador');
/*!40000 ALTER TABLE `local` ENABLE KEYS */;
UNLOCK TABLES;

--
-- Table structure for table `detallereserva`
--

DROP TABLE IF EXISTS `detallereserva`;
/*!40101 SET @saved_cs_client     = @@character_set_client */;
/*!40101 SET character_set_client = utf8 */;
CREATE TABLE `detallereserva` (
  `idDetalleReserva` int(11) NOT NULL AUTO_INCREMENT,
  `Idinstrumento` int(11) NOT NULL,
  `idReserva` int(11) NOT NULL,
  `idServicio` int(11) NOT NULL,
  PRIMARY KEY (`idDetalleReserva`),
  KEY `fk_DetalleReserva_instrumento1_idx` (`Idinstrumento`),
  KEY `fk_DetalleReserva_Reserva1_idx` (`idReserva`),
  KEY `fk_DetalleReserva_Servicio1_idx` (`idServicio`),
  CONSTRAINT `fk_DetalleReserva_instrumento1` FOREIGN KEY (`Idinstrumento`) REFERENCES `instrumento` (`Idinstrumento`) ON DELETE NO ACTION ON UPDATE NO ACTION,
  CONSTRAINT `fk_DetalleReserva_Reserva1` FOREIGN KEY (`idReserva`) REFERENCES `reserva` (`idReserva`) ON DELETE NO ACTION ON UPDATE NO ACTION,
  CONSTRAINT `fk_DetalleReserva_Servicio1` FOREIGN KEY (`idServicio`) REFERENCES `servicio` (`idServicio`) ON DELETE NO ACTION ON UPDATE NO ACTION
) ENGINE=InnoDB AUTO_INCREMENT=7 DEFAULT CHARSET=utf8;
/*!40101 SET character_set_client = @saved_cs_client */;

--
-- Dumping data for table `detallereserva`
--

LOCK TABLES `detallereserva` WRITE;
/*!40000 ALTER TABLE `detallereserva` DISABLE KEYS */;
INSERT INTO `detallereserva` VALUES (1,726,99,1079),(3,728,101,1081),(5,730,103,1083);
/*!40000 ALTER TABLE `detallereserva` ENABLE KEYS */;
UNLOCK TABLES;
/*!40103 SET TIME_ZONE=@OLD_TIME_ZONE */;

/*!40101 SET SQL_MODE=@OLD_SQL_MODE */;
/*!40014 SET FOREIGN_KEY_CHECKS=@OLD_FOREIGN_KEY_CHECKS */;
/*!40014 SET UNIQUE_CHECKS=@OLD_UNIQUE_CHECKS */;
/*!40101 SET CHARACTER_SET_CLIENT=@OLD_CHARACTER_SET_CLIENT */;
/*!40101 SET CHARACTER_SET_RESULTS=@OLD_CHARACTER_SET_RESULTS */;
/*!40101 SET COLLATION_CONNECTION=@OLD_COLLATION_CONNECTION */;
/*!40111 SET SQL_NOTES=@OLD_SQL_NOTES */;

-- Dump completed on 2013-04-11 12:51:09
